-- phpMyAdmin SQL Dump
-- version 5.0.4
-- https://www.phpmyadmin.net/
--
-- Host: 127.0.0.1
-- Generation Time: Dec 10, 2024 at 01:12 AM
-- Server version: 10.4.17-MariaDB
-- PHP Version: 7.4.13

SET SQL_MODE = "NO_AUTO_VALUE_ON_ZERO";
START TRANSACTION;
SET time_zone = "+00:00";


/*!40101 SET @OLD_CHARACTER_SET_CLIENT=@@CHARACTER_SET_CLIENT */;
/*!40101 SET @OLD_CHARACTER_SET_RESULTS=@@CHARACTER_SET_RESULTS */;
/*!40101 SET @OLD_COLLATION_CONNECTION=@@COLLATION_CONNECTION */;
/*!40101 SET NAMES utf8mb4 */;

--
-- Database: `inventory_app`
--

-- --------------------------------------------------------

--
-- Table structure for table `data_distributor`
--

CREATE TABLE `data_distributor` (
  `id_dis` int(11) NOT NULL,
  `nama_distributor` varchar(200) NOT NULL,
  `notelp` varchar(20) NOT NULL,
  `alamat` text NOT NULL
) ENGINE=InnoDB DEFAULT CHARSET=utf8mb4;

--
-- Dumping data for table `data_distributor`
--

INSERT INTO `data_distributor` (`id_dis`, `nama_distributor`, `notelp`, `alamat`) VALUES
(1, 'Pekalongan Barat', '89248921452', 'Jl Sunan Ampel Gg.14 No.25 Medono'),
(2, 'Pekalongan Timur', '855273627424', 'Jl KH Dewantoro Landungsari Gg.1f'),
(3, 'Pekalongan Selatan', '8924241241412', 'Kuripan Kidul Gg.2 No234'),
(4, 'Pekalongan Utara', '8978247254', 'Panjang Wetan Gg.3 No.2');

-- --------------------------------------------------------

--
-- Table structure for table `data_kain`
--

CREATE TABLE `data_kain` (
  `id_kain` int(11) NOT NULL,
  `nama_kain` varchar(100) NOT NULL,
  `satuan` enum('Yard','Meter') NOT NULL
) ENGINE=InnoDB DEFAULT CHARSET=utf8mb4;

--
-- Dumping data for table `data_kain`
--

INSERT INTO `data_kain` (`id_kain`, `nama_kain`, `satuan`) VALUES
(2, 'POLIMICRO', 'Meter'),
(5, 'TOYOBO', 'Yard'),
(6, 'DRILL', 'Yard'),
(7, 'TWIL COMBET', 'Yard');

-- --------------------------------------------------------

--
-- Table structure for table `data_kain_keluar`
--

CREATE TABLE `data_kain_keluar` (
  `id_kainout` int(11) NOT NULL,
  `tgl_kirim` date NOT NULL,
  `tgl_input` datetime NOT NULL,
  `id_produsen` int(11) NOT NULL,
  `id_kain` int(11) NOT NULL,
  `panjang_kirim` double NOT NULL,
  `jumlah_roll` int(11) NOT NULL,
  `harga_barang_real` int(11) NOT NULL,
  `harga_bayar` int(11) NOT NULL,
  `yg_input` varchar(50) NOT NULL,
  `codeinput` varchar(50) NOT NULL,
  `nosj` varchar(50) NOT NULL
) ENGINE=InnoDB DEFAULT CHARSET=utf8mb4;

--
-- Dumping data for table `data_kain_keluar`
--

INSERT INTO `data_kain_keluar` (`id_kainout`, `tgl_kirim`, `tgl_input`, `id_produsen`, `id_kain`, `panjang_kirim`, `jumlah_roll`, `harga_barang_real`, `harga_bayar`, `yg_input`, `codeinput`, `nosj`) VALUES
(1, '2024-11-13', '2024-11-29 16:48:52', 3, 5, 952, 22, 16596000, 16596000, 'Super User', '8KvQj4UbeHPEpyuI3Fs', 'SJ/001/XI/2024');

-- --------------------------------------------------------

--
-- Table structure for table `data_kain_keluar_extras`
--

CREATE TABLE `data_kain_keluar_extras` (
  `id_extras` int(11) NOT NULL,
  `codeinput` varchar(45) NOT NULL,
  `nama_barang` varchar(200) NOT NULL,
  `jumlah` varchar(100) NOT NULL
) ENGINE=InnoDB DEFAULT CHARSET=utf8mb4;

--
-- Dumping data for table `data_kain_keluar_extras`
--

INSERT INTO `data_kain_keluar_extras` (`id_extras`, `codeinput`, `nama_barang`, `jumlah`) VALUES
(1, '8KvQj4UbeHPEpyuI3Fs', 'HANGTAG', '10500'),
(2, '8KvQj4UbeHPEpyuI3Fs', 'Plastik Kecil', '2500');

-- --------------------------------------------------------

--
-- Table structure for table `data_kain_keluar_history`
--

CREATE TABLE `data_kain_keluar_history` (
  `idstokkain` int(11) NOT NULL,
  `id_kain` int(11) NOT NULL,
  `pjg_perroll` double NOT NULL DEFAULT 0,
  `jumlah_roll` int(11) NOT NULL,
  `harga_barang` int(11) NOT NULL,
  `kode_kain` varchar(10) NOT NULL,
  `nama_kain` varchar(50) NOT NULL,
  `codeinput` varchar(35) NOT NULL
) ENGINE=InnoDB DEFAULT CHARSET=utf8mb4;

--
-- Dumping data for table `data_kain_keluar_history`
--

INSERT INTO `data_kain_keluar_history` (`idstokkain`, `id_kain`, `pjg_perroll`, `jumlah_roll`, `harga_barang`, `kode_kain`, `nama_kain`, `codeinput`) VALUES
(1, 5, 41, 1, 717500, 'TY-D1', 'DELUXE COKLAT', '8KvQj4UbeHPEpyuI3Fs'),
(2, 5, 40, 12, 8400000, 'TY-D1', 'DELUXE COKLAT', '8KvQj4UbeHPEpyuI3Fs'),
(3, 5, 44, 1, 770000, 'TY-D1', 'DELUXE COKLAT', '8KvQj4UbeHPEpyuI3Fs'),
(4, 5, 56, 1, 980000, 'TY-D1', 'DELUXE COKLAT', '8KvQj4UbeHPEpyuI3Fs'),
(5, 5, 64, 1, 1120000, 'TY-D1', 'DELUXE COKLAT', '8KvQj4UbeHPEpyuI3Fs'),
(6, 5, 63, 1, 1102500, 'TY-D1', 'DELUXE COKLAT', '8KvQj4UbeHPEpyuI3Fs'),
(7, 5, 42, 2, 1470000, 'TY-D1', 'DELUXE COKLAT', '8KvQj4UbeHPEpyuI3Fs'),
(8, 5, 40, 2, 1336000, 'TY-T1', 'TOJIRO COKLAT KOPI', '8KvQj4UbeHPEpyuI3Fs'),
(10, 5, 40, 1, 700000, 'TY-D2', 'DELUXE HITAM', '8KvQj4UbeHPEpyuI3Fs');

-- --------------------------------------------------------

--
-- Table structure for table `data_kain_keluar_notes`
--

CREATE TABLE `data_kain_keluar_notes` (
  `id_nts` int(11) NOT NULL,
  `id_produk` int(11) NOT NULL,
  `nama_produk` varchar(100) NOT NULL,
  `model_warna` varchar(100) NOT NULL,
  `ukuran` varchar(100) NOT NULL,
  `jumlah` int(11) NOT NULL,
  `terpenuhi` int(11) NOT NULL DEFAULT 0,
  `nb` text NOT NULL DEFAULT 'null',
  `codeinput` varchar(45) NOT NULL
) ENGINE=InnoDB DEFAULT CHARSET=utf8mb4;

--
-- Dumping data for table `data_kain_keluar_notes`
--

INSERT INTO `data_kain_keluar_notes` (`id_nts`, `id_produk`, `nama_produk`, `model_warna`, `ukuran`, `jumlah`, `terpenuhi`, `nb`, `codeinput`) VALUES
(1, 22, 'MALVIN', 'COKELAT', 'M', 10, 5, 'null', '8KvQj4UbeHPEpyuI3Fs'),
(2, 22, 'MALVIN', 'COKELAT', 'XL', 50, 0, 'null', '8KvQj4UbeHPEpyuI3Fs');

-- --------------------------------------------------------

--
-- Table structure for table `data_kain_masuk`
--

CREATE TABLE `data_kain_masuk` (
  `id_kainmasuk` int(11) NOT NULL,
  `surat_jalan` varchar(100) NOT NULL,
  `tgl_masuk` date NOT NULL,
  `tgl_input` datetime NOT NULL,
  `id_kain` int(11) NOT NULL,
  `total_panjang` double NOT NULL,
  `jumlah_roll` int(11) NOT NULL,
  `supplier` varchar(200) NOT NULL,
  `harga_beli` int(11) NOT NULL,
  `harga_permeter` int(11) NOT NULL,
  `gambar_foto` text NOT NULL,
  `ket` text NOT NULL,
  `yg_input` varchar(50) NOT NULL,
  `codeinput` varchar(35) NOT NULL
) ENGINE=InnoDB DEFAULT CHARSET=utf8mb4;

--
-- Dumping data for table `data_kain_masuk`
--

INSERT INTO `data_kain_masuk` (`id_kainmasuk`, `surat_jalan`, `tgl_masuk`, `tgl_input`, `id_kain`, `total_panjang`, `jumlah_roll`, `supplier`, `harga_beli`, `harga_permeter`, `gambar_foto`, `ket`, `yg_input`, `codeinput`) VALUES
(1, '13112024', '2024-11-13', '2024-11-29 16:17:51', 5, 872, 20, 'BOS YANTO', 15260000, 17500, 'null', '', 'Super User', 'TP2GWzRhb7aCixsNwYd'),
(2, '13112024A', '2024-11-13', '2024-11-29 16:28:04', 5, 80, 2, 'BOS YANTO', 1336000, 16700, 'null', '', 'Super User', 'lhwG87dquOUNXEkg12i'),
(3, '18112024', '2024-11-18', '2024-11-29 16:39:31', 5, 1008, 26, 'BOS YANTO', 17640000, 17500, 'null', '', 'Super User', 'L0VTwUSO4je9DJPMtyW');

-- --------------------------------------------------------

--
-- Table structure for table `data_kain_masuk_sj`
--

CREATE TABLE `data_kain_masuk_sj` (
  `idsjfoto` int(11) NOT NULL,
  `codeinput` varchar(35) NOT NULL,
  `gambar_foto` varchar(250) NOT NULL
) ENGINE=InnoDB DEFAULT CHARSET=utf8mb4;

-- --------------------------------------------------------

--
-- Table structure for table `data_produk`
--

CREATE TABLE `data_produk` (
  `id_produk` int(11) NOT NULL,
  `codeunik` varchar(35) NOT NULL,
  `id_kat` int(11) NOT NULL,
  `nama_produk` varchar(250) NOT NULL,
  `keterangan_produk` text NOT NULL,
  `satuan` varchar(30) NOT NULL
) ENGINE=InnoDB DEFAULT CHARSET=utf8mb4;

--
-- Dumping data for table `data_produk`
--

INSERT INTO `data_produk` (`id_produk`, `codeunik`, `id_kat`, `nama_produk`, `keterangan_produk`, `satuan`) VALUES
(9, '6YkRBs4xNLUjV1Xifhn', 9, 'CINOS PANJANG', '', 'Pcs'),
(10, '5MFEWab8d0cgXvrhNq4', 9, 'PENDEK POLOS', '', 'Pcs'),
(11, 'daR4i123OBW7lQbS9kx', 7, 'KALIPA', '', 'Pcs'),
(12, 'Px1ZWGOfIwHAN0zF7Lr', 7, 'EMHA', '', 'Pcs'),
(13, 'JcNrjY4Cd2bx83gAoFP', 7, 'SENOPATI', '', 'Pcs'),
(14, 'BdaHPuiDVOeXc19GF4R', 7, 'TANDUK RUSA', '', 'Pcs'),
(15, 'eyCQPoI1S0mNJHXMzsO', 7, 'PANSER', '', 'Pcs'),
(16, 'hqrpB59EWXLywfFZ2Vv', 9, 'CHINOS JOGER PANJANG', '', 'Pcs'),
(17, 'C6DURx8XwgZcK52HsGn', 7, 'ADIBAT BATIK', '', 'Pcs'),
(18, 'yn0bUhO4M1jLE7mDRBp', 7, 'YUDISTIRA', '', 'Pcs'),
(19, 'dIQ7hRL1itwWlmqCDbB', 7, 'KOBATA', '', 'Pcs'),
(20, 'AJGe4NDpQ8lsYxUMWL6', 7, 'KATULISTIWA', '', 'Pcs'),
(21, 'lBEUNMS8VAweW3ZjO1a', 7, 'HABAIB', '', 'Pcs'),
(22, 'GYiqf2huwHIK8gCTxzo', 8, 'MALVIN', '', 'Pcs'),
(23, 'hBykU6wZzgKP375WJbD', 8, 'YUDISTIRA DEWASA', '', 'Pcs'),
(24, 'FIJEzH2oje5yK6lkr9X', 8, 'ADIBAT BATIK DEWASA', '', 'Pcs'),
(25, 'TxwG1D59buLOperXZCI', 8, 'ZOLIED', '', 'Pcs'),
(26, 'VqmMAFZvhXTRID09t2l', 8, 'MITIK', '', 'Pcs'),
(27, 'ixoYuTNhpIJORDdaZmr', 7, 'KENZIE', '', 'Pcs'),
(28, 'CFYtOAigz59Ujwl8p3M', 7, 'SINERGI BATIK', '', 'Pcs'),
(29, 'l2z5bxfac89eEO1X0JS', 7, 'AIDAN POLOS', '', 'Pcs'),
(30, 'ZLShPnxY9eQob16aBDA', 7, 'RAYYAN', '', 'Pcs');

-- --------------------------------------------------------

--
-- Table structure for table `data_produk_detil`
--

CREATE TABLE `data_produk_detil` (
  `id_produkdetil` int(11) NOT NULL,
  `nama_produk` varchar(100) NOT NULL,
  `warna_model` varchar(100) NOT NULL,
  `ukuran` varchar(100) NOT NULL,
  `kode_bar` varchar(100) NOT NULL,
  `kode_bar1` varchar(30) NOT NULL,
  `id_produk` int(11) NOT NULL,
  `harga_produk` int(11) NOT NULL DEFAULT 0,
  `harga_jual` int(11) NOT NULL DEFAULT 0
) ENGINE=InnoDB DEFAULT CHARSET=utf8mb4;

--
-- Dumping data for table `data_produk_detil`
--

INSERT INTO `data_produk_detil` (`id_produkdetil`, `nama_produk`, `warna_model`, `ukuran`, `kode_bar`, `kode_bar1`, `id_produk`, `harga_produk`, `harga_jual`) VALUES
(5, 'YUDISTIRA', 'ABU', '14', 'JR_YDS_AB-14', 'JR_YDS_AB', 18, 0, 0),
(6, 'YUDISTIRA', 'ABU', '12', 'JR_YDS_AB-12', 'JR_YDS_AB', 18, 0, 0),
(7, 'YUDISTIRA', 'HITAM', '12', 'JR_YDS_HT-12', 'JR_YDS_HT', 18, 0, 0),
(8, 'YUDISTIRA', 'HITAM', '10', 'JR_YDS_HT-10', 'JR_YDS_HT', 18, 0, 0),
(9, 'YUDISTIRA', 'COKELAT', '14', 'JR_YDS_CK-14', 'JR_YDS_CK', 18, 0, 0),
(10, 'YUDISTIRA', 'NAVY', '12', 'JR_YDS_NV-12', 'JR_YDS_NV', 18, 0, 0),
(11, 'EMHA', 'PUTIH', '14', 'JR_MH_PT-14', 'JR_MH_PT', 12, 0, 0),
(12, 'EMHA', 'NAVY', '12', 'JR_MH_NV-12', 'JR_MH_NV', 12, 0, 0),
(13, 'EMHA', 'COKELAT', '10', 'JR_MH_CK-10', 'JR_MH_CK', 12, 0, 0),
(14, 'EMHA', 'ABU', '14', 'JR_MH_AB-14', 'JR_MH_AB', 12, 0, 0),
(15, 'EMHA', 'ABU', '12', 'JR_MH_AB-12', 'JR_MH_AB', 12, 0, 0),
(16, 'EMHA', 'HITAM', '10', 'JR_MH_HT-10', 'JR_MH_HT', 12, 0, 0);

-- --------------------------------------------------------

--
-- Table structure for table `data_produk_stok`
--

CREATE TABLE `data_produk_stok` (
  `id_bar` int(11) NOT NULL,
  `id_produk` int(11) NOT NULL,
  `kode_bar` varchar(40) NOT NULL,
  `harga_produk` int(11) NOT NULL,
  `harga_jual` int(11) NOT NULL,
  `code_sha` varchar(100) NOT NULL
) ENGINE=InnoDB DEFAULT CHARSET=utf8mb4;

--
-- Dumping data for table `data_produk_stok`
--

INSERT INTO `data_produk_stok` (`id_bar`, `id_produk`, `kode_bar`, `harga_produk`, `harga_jual`, `code_sha`) VALUES
(327, 18, 'JR_YDS_AB-14', 25000, 32500, 'EKLNU6DTB5'),
(328, 18, 'JR_YDS_AB-14', 25000, 32500, 'EKLNU6DTB5'),
(329, 18, 'JR_YDS_AB-14', 25000, 32500, 'EKLNU6DTB5'),
(330, 18, 'JR_YDS_AB-14', 25000, 32500, 'EKLNU6DTB5'),
(331, 18, 'JR_YDS_AB-14', 25000, 32500, 'EKLNU6DTB5'),
(332, 18, 'JR_YDS_AB-14', 25000, 32500, 'EKLNU6DTB5'),
(333, 18, 'JR_YDS_AB-14', 25000, 32500, 'EKLNU6DTB5'),
(334, 18, 'JR_YDS_AB-14', 25000, 32500, 'EKLNU6DTB5'),
(335, 18, 'JR_YDS_AB-14', 25000, 32500, 'EKLNU6DTB5'),
(336, 18, 'JR_YDS_AB-14', 25000, 32500, 'EKLNU6DTB5'),
(337, 18, 'JR_YDS_AB-14', 25000, 32500, 'EKLNU6DTB5'),
(338, 18, 'JR_YDS_AB-14', 25000, 32500, 'EKLNU6DTB5'),
(339, 18, 'JR_YDS_AB-14', 25000, 32500, 'EKLNU6DTB5'),
(340, 18, 'JR_YDS_AB-14', 25000, 32500, 'EKLNU6DTB5'),
(341, 18, 'JR_YDS_AB-14', 25000, 32500, 'EKLNU6DTB5'),
(342, 18, 'JR_YDS_AB-14', 25000, 32500, 'EKLNU6DTB5'),
(343, 18, 'JR_YDS_AB-14', 25000, 32500, 'EKLNU6DTB5'),
(344, 18, 'JR_YDS_AB-14', 25000, 32500, 'EKLNU6DTB5'),
(345, 18, 'JR_YDS_AB-14', 25000, 32500, 'EKLNU6DTB5'),
(346, 18, 'JR_YDS_AB-14', 25000, 32500, 'EKLNU6DTB5'),
(347, 18, 'JR_YDS_AB-14', 25000, 32500, 'EKLNU6DTB5'),
(348, 18, 'JR_YDS_AB-14', 25000, 32500, 'EKLNU6DTB5'),
(349, 18, 'JR_YDS_AB-14', 25000, 32500, 'EKLNU6DTB5'),
(350, 18, 'JR_YDS_AB-14', 25000, 32500, 'EKLNU6DTB5'),
(351, 18, 'JR_YDS_AB-14', 25000, 32500, 'EKLNU6DTB5'),
(352, 18, 'JR_YDS_AB-14', 25000, 32500, 'EKLNU6DTB5'),
(353, 18, 'JR_YDS_AB-14', 25000, 32500, 'EKLNU6DTB5'),
(354, 18, 'JR_YDS_AB-14', 25000, 32500, 'EKLNU6DTB5'),
(355, 18, 'JR_YDS_AB-14', 25000, 32500, 'EKLNU6DTB5'),
(356, 18, 'JR_YDS_AB-14', 25000, 32500, 'EKLNU6DTB5'),
(357, 18, 'JR_YDS_AB-14', 25000, 32500, 'EKLNU6DTB5'),
(358, 18, 'JR_YDS_AB-14', 25000, 32500, 'EKLNU6DTB5'),
(359, 18, 'JR_YDS_AB-14', 25000, 32500, 'EKLNU6DTB5'),
(360, 18, 'JR_YDS_AB-14', 25000, 32500, 'EKLNU6DTB5'),
(361, 18, 'JR_YDS_AB-14', 25000, 32500, 'EKLNU6DTB5'),
(362, 18, 'JR_YDS_AB-14', 25000, 32500, 'EKLNU6DTB5'),
(363, 18, 'JR_YDS_AB-14', 25000, 32500, 'EKLNU6DTB5'),
(364, 18, 'JR_YDS_AB-14', 25000, 32500, 'EKLNU6DTB5'),
(365, 18, 'JR_YDS_AB-14', 25000, 32500, 'EKLNU6DTB5'),
(366, 18, 'JR_YDS_AB-14', 25000, 32500, 'EKLNU6DTB5'),
(367, 18, 'JR_YDS_AB-14', 25000, 32500, 'EKLNU6DTB5'),
(368, 18, 'JR_YDS_AB-14', 25000, 32500, 'EKLNU6DTB5'),
(369, 18, 'JR_YDS_AB-14', 25000, 32500, 'EKLNU6DTB5'),
(370, 18, 'JR_YDS_AB-14', 25000, 32500, 'EKLNU6DTB5'),
(371, 18, 'JR_YDS_AB-14', 25000, 32500, 'EKLNU6DTB5'),
(372, 18, 'JR_YDS_AB-14', 25000, 32500, 'EKLNU6DTB5'),
(373, 18, 'JR_YDS_AB-14', 25000, 32500, 'EKLNU6DTB5'),
(374, 18, 'JR_YDS_AB-14', 25000, 32500, 'EKLNU6DTB5'),
(375, 18, 'JR_YDS_AB-14', 25000, 32500, 'EKLNU6DTB5'),
(376, 18, 'JR_YDS_AB-14', 25000, 32500, 'EKLNU6DTB5'),
(377, 18, 'JR_YDS_AB-14', 25000, 32500, 'EKLNU6DTB5'),
(378, 18, 'JR_YDS_AB-14', 25000, 32500, 'EKLNU6DTB5'),
(379, 18, 'JR_YDS_AB-14', 25000, 32500, 'EKLNU6DTB5'),
(380, 18, 'JR_YDS_AB-14', 25000, 32500, 'EKLNU6DTB5'),
(381, 18, 'JR_YDS_AB-14', 25000, 32500, 'EKLNU6DTB5'),
(382, 18, 'JR_YDS_AB-14', 25000, 32500, 'EKLNU6DTB5'),
(383, 18, 'JR_YDS_AB-14', 25000, 32500, 'EKLNU6DTB5'),
(384, 18, 'JR_YDS_AB-14', 25000, 32500, 'EKLNU6DTB5'),
(385, 18, 'JR_YDS_AB-14', 25000, 32500, 'EKLNU6DTB5'),
(386, 18, 'JR_YDS_AB-14', 25000, 32500, 'EKLNU6DTB5'),
(387, 18, 'JR_YDS_AB-14', 25000, 32500, 'EKLNU6DTB5'),
(388, 18, 'JR_YDS_AB-14', 25000, 32500, 'EKLNU6DTB5'),
(389, 18, 'JR_YDS_AB-14', 25000, 32500, 'EKLNU6DTB5'),
(390, 18, 'JR_YDS_AB-14', 25000, 32500, 'EKLNU6DTB5'),
(391, 18, 'JR_YDS_AB-14', 25000, 32500, 'EKLNU6DTB5'),
(392, 18, 'JR_YDS_AB-14', 25000, 32500, 'EKLNU6DTB5'),
(393, 18, 'JR_YDS_AB-14', 25000, 32500, 'EKLNU6DTB5'),
(394, 18, 'JR_YDS_AB-14', 25000, 32500, 'EKLNU6DTB5'),
(395, 18, 'JR_YDS_AB-14', 25000, 32500, 'EKLNU6DTB5'),
(396, 18, 'JR_YDS_AB-14', 25000, 32500, 'EKLNU6DTB5'),
(397, 18, 'JR_YDS_AB-14', 25000, 32500, 'EKLNU6DTB5'),
(398, 18, 'JR_YDS_AB-14', 25000, 32500, 'EKLNU6DTB5'),
(399, 18, 'JR_YDS_AB-14', 25000, 32500, 'EKLNU6DTB5'),
(400, 18, 'JR_YDS_AB-14', 25000, 32500, 'EKLNU6DTB5'),
(401, 18, 'JR_YDS_AB-14', 25000, 32500, 'EKLNU6DTB5'),
(402, 18, 'JR_YDS_AB-14', 25000, 32500, 'EKLNU6DTB5'),
(403, 18, 'JR_YDS_AB-14', 25000, 32500, 'EKLNU6DTB5'),
(404, 18, 'JR_YDS_AB-14', 25000, 32500, 'EKLNU6DTB5'),
(405, 18, 'JR_YDS_AB-14', 25000, 32500, 'EKLNU6DTB5'),
(406, 18, 'JR_YDS_AB-14', 25000, 32500, 'EKLNU6DTB5'),
(407, 18, 'JR_YDS_AB-14', 25000, 32500, 'EKLNU6DTB5'),
(408, 18, 'JR_YDS_AB-14', 25000, 32500, 'EKLNU6DTB5'),
(409, 18, 'JR_YDS_AB-14', 25000, 32500, 'EKLNU6DTB5'),
(410, 18, 'JR_YDS_AB-14', 25000, 32500, 'EKLNU6DTB5'),
(411, 18, 'JR_YDS_AB-14', 25000, 32500, 'EKLNU6DTB5'),
(412, 18, 'JR_YDS_AB-14', 25000, 32500, 'EKLNU6DTB5'),
(413, 18, 'JR_YDS_AB-14', 25000, 32500, 'EKLNU6DTB5'),
(414, 18, 'JR_YDS_AB-14', 25000, 32500, 'EKLNU6DTB5'),
(415, 18, 'JR_YDS_AB-14', 25000, 32500, 'EKLNU6DTB5'),
(416, 18, 'JR_YDS_AB-14', 25000, 32500, 'EKLNU6DTB5'),
(417, 18, 'JR_YDS_AB-14', 25000, 32500, 'EKLNU6DTB5'),
(418, 18, 'JR_YDS_AB-14', 25000, 32500, 'EKLNU6DTB5'),
(419, 18, 'JR_YDS_AB-14', 25000, 32500, 'EKLNU6DTB5'),
(420, 18, 'JR_YDS_AB-14', 25000, 32500, 'EKLNU6DTB5'),
(421, 18, 'JR_YDS_AB-14', 25000, 32500, 'EKLNU6DTB5'),
(422, 18, 'JR_YDS_AB-14', 25000, 32500, 'EKLNU6DTB5'),
(423, 18, 'JR_YDS_AB-14', 25000, 32500, 'EKLNU6DTB5'),
(424, 18, 'JR_YDS_AB-14', 25000, 32500, 'EKLNU6DTB5'),
(425, 18, 'JR_YDS_AB-14', 25000, 32500, 'EKLNU6DTB5'),
(426, 18, 'JR_YDS_AB-14', 25000, 32500, 'EKLNU6DTB5'),
(427, 18, 'JR_YDS_AB-12', 25000, 32500, 'DAINZQC042'),
(428, 18, 'JR_YDS_AB-12', 25000, 32500, 'DAINZQC042'),
(429, 18, 'JR_YDS_AB-12', 25000, 32500, 'DAINZQC042'),
(430, 18, 'JR_YDS_AB-12', 25000, 32500, 'DAINZQC042'),
(431, 18, 'JR_YDS_AB-12', 25000, 32500, 'DAINZQC042'),
(432, 18, 'JR_YDS_AB-12', 25000, 32500, 'DAINZQC042'),
(433, 18, 'JR_YDS_AB-12', 25000, 32500, 'DAINZQC042'),
(434, 18, 'JR_YDS_AB-12', 25000, 32500, 'DAINZQC042'),
(435, 18, 'JR_YDS_AB-12', 25000, 32500, 'DAINZQC042'),
(436, 18, 'JR_YDS_AB-12', 25000, 32500, 'DAINZQC042'),
(437, 18, 'JR_YDS_AB-12', 25000, 32500, 'DAINZQC042'),
(438, 18, 'JR_YDS_AB-12', 25000, 32500, 'DAINZQC042'),
(439, 18, 'JR_YDS_AB-12', 25000, 32500, 'DAINZQC042'),
(440, 18, 'JR_YDS_AB-12', 25000, 32500, 'DAINZQC042'),
(441, 18, 'JR_YDS_AB-12', 25000, 32500, 'DAINZQC042'),
(442, 18, 'JR_YDS_AB-12', 25000, 32500, 'DAINZQC042'),
(443, 18, 'JR_YDS_AB-12', 25000, 32500, 'DAINZQC042'),
(444, 18, 'JR_YDS_AB-12', 25000, 32500, 'DAINZQC042'),
(445, 18, 'JR_YDS_AB-12', 25000, 32500, 'DAINZQC042'),
(446, 18, 'JR_YDS_AB-12', 25000, 32500, 'DAINZQC042'),
(447, 18, 'JR_YDS_AB-12', 25000, 32500, 'DAINZQC042'),
(448, 18, 'JR_YDS_AB-12', 25000, 32500, 'DAINZQC042'),
(449, 18, 'JR_YDS_AB-12', 25000, 32500, 'DAINZQC042'),
(450, 18, 'JR_YDS_AB-12', 25000, 32500, 'DAINZQC042'),
(451, 18, 'JR_YDS_AB-12', 25000, 32500, 'DAINZQC042'),
(452, 18, 'JR_YDS_AB-12', 25000, 32500, 'DAINZQC042'),
(453, 18, 'JR_YDS_HT-12', 25000, 32500, '9E0Z551DI4'),
(454, 18, 'JR_YDS_HT-12', 25000, 32500, '9E0Z551DI4'),
(455, 18, 'JR_YDS_HT-12', 25000, 32500, '9E0Z551DI4'),
(456, 18, 'JR_YDS_HT-12', 25000, 32500, '9E0Z551DI4'),
(457, 18, 'JR_YDS_HT-12', 25000, 32500, '9E0Z551DI4'),
(458, 18, 'JR_YDS_HT-12', 25000, 32500, '9E0Z551DI4'),
(459, 18, 'JR_YDS_HT-12', 25000, 32500, '9E0Z551DI4'),
(460, 18, 'JR_YDS_HT-12', 25000, 32500, '9E0Z551DI4'),
(461, 18, 'JR_YDS_HT-12', 25000, 32500, '9E0Z551DI4'),
(462, 18, 'JR_YDS_HT-12', 25000, 32500, '9E0Z551DI4'),
(463, 18, 'JR_YDS_HT-12', 25000, 32500, '9E0Z551DI4'),
(464, 18, 'JR_YDS_HT-12', 25000, 32500, '9E0Z551DI4'),
(465, 18, 'JR_YDS_HT-12', 25000, 32500, '9E0Z551DI4'),
(466, 18, 'JR_YDS_HT-12', 25000, 32500, '9E0Z551DI4'),
(467, 18, 'JR_YDS_HT-12', 25000, 32500, '9E0Z551DI4'),
(468, 18, 'JR_YDS_HT-12', 25000, 32500, '9E0Z551DI4'),
(469, 18, 'JR_YDS_HT-12', 25000, 32500, '9E0Z551DI4'),
(470, 18, 'JR_YDS_HT-12', 25000, 32500, '9E0Z551DI4'),
(471, 18, 'JR_YDS_HT-12', 25000, 32500, '9E0Z551DI4'),
(472, 18, 'JR_YDS_HT-12', 25000, 32500, '9E0Z551DI4'),
(473, 18, 'JR_YDS_HT-12', 25000, 32500, '9E0Z551DI4'),
(474, 18, 'JR_YDS_HT-12', 25000, 32500, '9E0Z551DI4'),
(475, 18, 'JR_YDS_HT-12', 25000, 32500, '9E0Z551DI4'),
(476, 18, 'JR_YDS_HT-12', 25000, 32500, '9E0Z551DI4'),
(477, 18, 'JR_YDS_HT-12', 25000, 32500, '9E0Z551DI4'),
(478, 18, 'JR_YDS_HT-12', 25000, 32500, '9E0Z551DI4'),
(479, 18, 'JR_YDS_HT-12', 25000, 32500, '9E0Z551DI4'),
(480, 18, 'JR_YDS_HT-12', 25000, 32500, '9E0Z551DI4'),
(481, 18, 'JR_YDS_HT-12', 25000, 32500, '9E0Z551DI4'),
(482, 18, 'JR_YDS_HT-12', 25000, 32500, '9E0Z551DI4'),
(483, 18, 'JR_YDS_HT-12', 25000, 32500, '9E0Z551DI4'),
(484, 18, 'JR_YDS_HT-12', 25000, 32500, '9E0Z551DI4'),
(485, 18, 'JR_YDS_HT-12', 25000, 32500, '9E0Z551DI4'),
(486, 18, 'JR_YDS_HT-12', 25000, 32500, '9E0Z551DI4'),
(487, 18, 'JR_YDS_HT-12', 25000, 32500, '9E0Z551DI4'),
(488, 18, 'JR_YDS_HT-12', 25000, 32500, '9E0Z551DI4'),
(489, 18, 'JR_YDS_HT-12', 25000, 32500, '9E0Z551DI4'),
(490, 18, 'JR_YDS_HT-12', 25000, 32500, '9E0Z551DI4'),
(491, 18, 'JR_YDS_HT-12', 25000, 32500, '9E0Z551DI4'),
(492, 18, 'JR_YDS_HT-12', 25000, 32500, '9E0Z551DI4'),
(493, 18, 'JR_YDS_HT-12', 25000, 32500, '9E0Z551DI4'),
(494, 18, 'JR_YDS_HT-12', 25000, 32500, '9E0Z551DI4'),
(495, 18, 'JR_YDS_HT-12', 25000, 32500, '9E0Z551DI4'),
(496, 18, 'JR_YDS_HT-12', 25000, 32500, '9E0Z551DI4'),
(497, 18, 'JR_YDS_HT-12', 25000, 32500, '9E0Z551DI4'),
(498, 18, 'JR_YDS_HT-12', 25000, 32500, '9E0Z551DI4'),
(499, 18, 'JR_YDS_HT-12', 25000, 32500, '9E0Z551DI4'),
(500, 18, 'JR_YDS_HT-12', 25000, 32500, '9E0Z551DI4'),
(501, 18, 'JR_YDS_HT-12', 25000, 32500, '9E0Z551DI4'),
(502, 18, 'JR_YDS_HT-12', 25000, 32500, '9E0Z551DI4'),
(503, 18, 'JR_YDS_HT-12', 25000, 32500, '9E0Z551DI4'),
(504, 18, 'JR_YDS_HT-12', 25000, 32500, '9E0Z551DI4'),
(505, 18, 'JR_YDS_HT-12', 25000, 32500, '9E0Z551DI4'),
(506, 18, 'JR_YDS_HT-12', 25000, 32500, '9E0Z551DI4'),
(507, 18, 'JR_YDS_HT-12', 25000, 32500, '9E0Z551DI4'),
(508, 18, 'JR_YDS_HT-12', 25000, 32500, '9E0Z551DI4'),
(509, 18, 'JR_YDS_HT-12', 25000, 32500, '9E0Z551DI4'),
(510, 18, 'JR_YDS_HT-10', 25000, 32500, 'TKG5DOQSB5'),
(511, 18, 'JR_YDS_HT-10', 25000, 32500, 'TKG5DOQSB5'),
(512, 18, 'JR_YDS_HT-10', 25000, 32500, 'TKG5DOQSB5'),
(513, 18, 'JR_YDS_HT-10', 25000, 32500, 'TKG5DOQSB5'),
(514, 18, 'JR_YDS_HT-10', 25000, 32500, 'TKG5DOQSB5'),
(515, 18, 'JR_YDS_HT-10', 25000, 32500, 'TKG5DOQSB5'),
(516, 18, 'JR_YDS_HT-10', 25000, 32500, 'TKG5DOQSB5'),
(517, 18, 'JR_YDS_HT-10', 25000, 32500, 'TKG5DOQSB5'),
(518, 18, 'JR_YDS_HT-10', 25000, 32500, 'TKG5DOQSB5'),
(519, 18, 'JR_YDS_HT-10', 25000, 32500, 'TKG5DOQSB5'),
(520, 18, 'JR_YDS_HT-10', 25000, 32500, 'TKG5DOQSB5'),
(521, 18, 'JR_YDS_HT-10', 25000, 32500, 'TKG5DOQSB5'),
(522, 18, 'JR_YDS_HT-10', 25000, 32500, 'TKG5DOQSB5'),
(523, 18, 'JR_YDS_HT-10', 25000, 32500, 'TKG5DOQSB5'),
(524, 18, 'JR_YDS_HT-10', 25000, 32500, 'TKG5DOQSB5'),
(525, 18, 'JR_YDS_HT-10', 25000, 32500, 'TKG5DOQSB5'),
(526, 18, 'JR_YDS_HT-10', 25000, 32500, 'TKG5DOQSB5'),
(527, 18, 'JR_YDS_HT-10', 25000, 32500, 'TKG5DOQSB5'),
(528, 18, 'JR_YDS_HT-10', 25000, 32500, 'TKG5DOQSB5'),
(529, 18, 'JR_YDS_HT-10', 25000, 32500, 'TKG5DOQSB5'),
(530, 18, 'JR_YDS_HT-10', 25000, 32500, 'TKG5DOQSB5'),
(531, 18, 'JR_YDS_HT-10', 25000, 32500, 'TKG5DOQSB5'),
(532, 18, 'JR_YDS_HT-10', 25000, 32500, 'TKG5DOQSB5'),
(533, 18, 'JR_YDS_HT-10', 25000, 32500, 'TKG5DOQSB5'),
(534, 18, 'JR_YDS_HT-10', 25000, 32500, 'TKG5DOQSB5'),
(535, 18, 'JR_YDS_HT-10', 25000, 32500, 'TKG5DOQSB5'),
(536, 18, 'JR_YDS_HT-10', 25000, 32500, 'TKG5DOQSB5'),
(537, 18, 'JR_YDS_HT-10', 25000, 32500, 'TKG5DOQSB5'),
(538, 18, 'JR_YDS_HT-10', 25000, 32500, 'TKG5DOQSB5'),
(539, 18, 'JR_YDS_HT-10', 25000, 32500, 'TKG5DOQSB5'),
(540, 18, 'JR_YDS_HT-10', 25000, 32500, 'TKG5DOQSB5'),
(541, 18, 'JR_YDS_HT-10', 25000, 32500, 'TKG5DOQSB5'),
(542, 18, 'JR_YDS_HT-10', 25000, 32500, 'TKG5DOQSB5'),
(543, 18, 'JR_YDS_HT-10', 25000, 32500, 'TKG5DOQSB5'),
(544, 18, 'JR_YDS_HT-10', 25000, 32500, 'TKG5DOQSB5'),
(545, 18, 'JR_YDS_HT-10', 25000, 32500, 'TKG5DOQSB5'),
(546, 18, 'JR_YDS_HT-10', 25000, 32500, 'TKG5DOQSB5'),
(547, 18, 'JR_YDS_HT-10', 25000, 32500, 'TKG5DOQSB5'),
(548, 18, 'JR_YDS_HT-10', 25000, 32500, 'TKG5DOQSB5'),
(549, 18, 'JR_YDS_HT-10', 25000, 32500, 'TKG5DOQSB5'),
(550, 18, 'JR_YDS_CK-14', 25000, 32500, 'DN6AQEYVM8'),
(551, 18, 'JR_YDS_CK-14', 25000, 32500, 'DN6AQEYVM8'),
(552, 18, 'JR_YDS_CK-14', 25000, 32500, 'DN6AQEYVM8'),
(553, 18, 'JR_YDS_CK-14', 25000, 32500, 'DN6AQEYVM8'),
(554, 18, 'JR_YDS_CK-14', 25000, 32500, 'DN6AQEYVM8'),
(555, 18, 'JR_YDS_CK-14', 25000, 32500, 'DN6AQEYVM8'),
(556, 18, 'JR_YDS_CK-14', 25000, 32500, 'DN6AQEYVM8'),
(557, 18, 'JR_YDS_CK-14', 25000, 32500, 'DN6AQEYVM8'),
(558, 18, 'JR_YDS_CK-14', 25000, 32500, 'DN6AQEYVM8'),
(559, 18, 'JR_YDS_CK-14', 25000, 32500, 'DN6AQEYVM8'),
(560, 18, 'JR_YDS_CK-14', 25000, 32500, 'DN6AQEYVM8'),
(561, 18, 'JR_YDS_CK-14', 25000, 32500, 'DN6AQEYVM8'),
(562, 18, 'JR_YDS_CK-14', 25000, 32500, 'DN6AQEYVM8'),
(563, 18, 'JR_YDS_CK-14', 25000, 32500, 'DN6AQEYVM8'),
(564, 18, 'JR_YDS_CK-14', 25000, 32500, 'DN6AQEYVM8'),
(565, 18, 'JR_YDS_CK-14', 25000, 32500, 'DN6AQEYVM8'),
(566, 18, 'JR_YDS_CK-14', 25000, 32500, 'DN6AQEYVM8'),
(567, 18, 'JR_YDS_CK-14', 25000, 32500, 'DN6AQEYVM8'),
(568, 18, 'JR_YDS_CK-14', 25000, 32500, 'DN6AQEYVM8'),
(569, 18, 'JR_YDS_CK-14', 25000, 32500, 'DN6AQEYVM8'),
(570, 18, 'JR_YDS_CK-14', 25000, 32500, 'DN6AQEYVM8'),
(571, 18, 'JR_YDS_CK-14', 25000, 32500, 'DN6AQEYVM8'),
(572, 18, 'JR_YDS_CK-14', 25000, 32500, 'DN6AQEYVM8'),
(573, 18, 'JR_YDS_CK-14', 25000, 32500, 'DN6AQEYVM8'),
(574, 18, 'JR_YDS_CK-14', 25000, 32500, 'DN6AQEYVM8'),
(575, 18, 'JR_YDS_CK-14', 25000, 32500, 'DN6AQEYVM8'),
(576, 18, 'JR_YDS_CK-14', 25000, 32500, 'DN6AQEYVM8'),
(577, 18, 'JR_YDS_CK-14', 25000, 32500, 'DN6AQEYVM8'),
(578, 18, 'JR_YDS_CK-14', 25000, 32500, 'DN6AQEYVM8'),
(579, 18, 'JR_YDS_CK-14', 25000, 32500, 'DN6AQEYVM8'),
(580, 18, 'JR_YDS_CK-14', 25000, 32500, 'DN6AQEYVM8'),
(581, 18, 'JR_YDS_CK-14', 25000, 32500, 'DN6AQEYVM8'),
(582, 18, 'JR_YDS_CK-14', 25000, 32500, 'DN6AQEYVM8'),
(583, 18, 'JR_YDS_CK-14', 25000, 32500, 'DN6AQEYVM8'),
(584, 18, 'JR_YDS_CK-14', 25000, 32500, 'DN6AQEYVM8'),
(585, 18, 'JR_YDS_CK-14', 25000, 32500, 'DN6AQEYVM8'),
(586, 18, 'JR_YDS_CK-14', 25000, 32500, 'DN6AQEYVM8'),
(587, 18, 'JR_YDS_CK-14', 25000, 32500, 'DN6AQEYVM8'),
(588, 18, 'JR_YDS_CK-14', 25000, 32500, 'DN6AQEYVM8'),
(589, 18, 'JR_YDS_CK-14', 25000, 32500, 'DN6AQEYVM8'),
(590, 18, 'JR_YDS_CK-14', 25000, 32500, 'DN6AQEYVM8'),
(591, 18, 'JR_YDS_CK-14', 25000, 32500, 'DN6AQEYVM8'),
(592, 18, 'JR_YDS_CK-14', 25000, 32500, 'DN6AQEYVM8'),
(593, 18, 'JR_YDS_CK-14', 25000, 32500, 'DN6AQEYVM8'),
(594, 18, 'JR_YDS_CK-14', 25000, 32500, 'DN6AQEYVM8'),
(595, 18, 'JR_YDS_CK-14', 25000, 32500, 'DN6AQEYVM8'),
(596, 18, 'JR_YDS_CK-14', 25000, 32500, 'DN6AQEYVM8'),
(597, 18, 'JR_YDS_CK-14', 25000, 32500, 'DN6AQEYVM8'),
(598, 18, 'JR_YDS_CK-14', 25000, 32500, 'DN6AQEYVM8'),
(599, 18, 'JR_YDS_CK-14', 25000, 32500, 'DN6AQEYVM8'),
(600, 18, 'JR_YDS_CK-14', 25000, 32500, 'DN6AQEYVM8'),
(601, 18, 'JR_YDS_CK-14', 25000, 32500, 'DN6AQEYVM8'),
(602, 18, 'JR_YDS_CK-14', 25000, 32500, 'DN6AQEYVM8'),
(603, 18, 'JR_YDS_CK-14', 25000, 32500, 'DN6AQEYVM8'),
(604, 18, 'JR_YDS_CK-14', 25000, 32500, 'DN6AQEYVM8'),
(605, 18, 'JR_YDS_CK-14', 25000, 32500, 'DN6AQEYVM8'),
(606, 18, 'JR_YDS_CK-14', 25000, 32500, 'DN6AQEYVM8'),
(607, 18, 'JR_YDS_CK-14', 25000, 32500, 'DN6AQEYVM8'),
(608, 18, 'JR_YDS_CK-14', 25000, 32500, 'DN6AQEYVM8'),
(609, 18, 'JR_YDS_CK-14', 25000, 32500, 'DN6AQEYVM8'),
(610, 18, 'JR_YDS_CK-14', 25000, 32500, 'DN6AQEYVM8'),
(611, 18, 'JR_YDS_CK-14', 25000, 32500, 'DN6AQEYVM8'),
(612, 18, 'JR_YDS_CK-14', 25000, 32500, 'DN6AQEYVM8'),
(613, 18, 'JR_YDS_CK-14', 25000, 32500, 'DN6AQEYVM8'),
(614, 18, 'JR_YDS_CK-14', 25000, 32500, 'DN6AQEYVM8'),
(615, 18, 'JR_YDS_CK-14', 25000, 32500, 'DN6AQEYVM8'),
(616, 18, 'JR_YDS_CK-14', 25000, 32500, 'DN6AQEYVM8'),
(617, 18, 'JR_YDS_CK-14', 25000, 32500, 'DN6AQEYVM8'),
(618, 18, 'JR_YDS_CK-14', 25000, 32500, 'DN6AQEYVM8'),
(619, 18, 'JR_YDS_CK-14', 25000, 32500, 'DN6AQEYVM8'),
(620, 18, 'JR_YDS_CK-14', 25000, 32500, 'DN6AQEYVM8'),
(621, 18, 'JR_YDS_CK-14', 25000, 32500, 'DN6AQEYVM8'),
(622, 18, 'JR_YDS_CK-14', 25000, 32500, 'DN6AQEYVM8'),
(623, 18, 'JR_YDS_CK-14', 25000, 32500, 'DN6AQEYVM8'),
(624, 18, 'JR_YDS_CK-14', 25000, 32500, 'DN6AQEYVM8'),
(625, 18, 'JR_YDS_CK-14', 25000, 32500, 'DN6AQEYVM8'),
(626, 18, 'JR_YDS_CK-14', 25000, 32500, 'DN6AQEYVM8'),
(627, 18, 'JR_YDS_CK-14', 25000, 32500, 'DN6AQEYVM8'),
(628, 18, 'JR_YDS_CK-14', 25000, 32500, 'DN6AQEYVM8'),
(629, 18, 'JR_YDS_CK-14', 25000, 32500, 'DN6AQEYVM8'),
(630, 18, 'JR_YDS_CK-14', 25000, 32500, 'DN6AQEYVM8'),
(631, 18, 'JR_YDS_CK-14', 25000, 32500, 'DN6AQEYVM8'),
(632, 18, 'JR_YDS_CK-14', 25000, 32500, 'DN6AQEYVM8'),
(633, 18, 'JR_YDS_CK-14', 25000, 32500, 'DN6AQEYVM8'),
(634, 18, 'JR_YDS_CK-14', 25000, 32500, 'DN6AQEYVM8'),
(635, 18, 'JR_YDS_CK-14', 25000, 32500, 'DN6AQEYVM8'),
(636, 18, 'JR_YDS_CK-14', 25000, 32500, 'DN6AQEYVM8'),
(637, 18, 'JR_YDS_CK-14', 25000, 32500, 'DN6AQEYVM8'),
(638, 18, 'JR_YDS_CK-14', 25000, 32500, 'DN6AQEYVM8'),
(639, 18, 'JR_YDS_CK-14', 25000, 32500, 'DN6AQEYVM8'),
(640, 18, 'JR_YDS_CK-14', 25000, 32500, 'DN6AQEYVM8'),
(641, 18, 'JR_YDS_CK-14', 25000, 32500, 'DN6AQEYVM8'),
(642, 18, 'JR_YDS_CK-14', 25000, 32500, 'DN6AQEYVM8'),
(643, 18, 'JR_YDS_CK-14', 25000, 32500, 'DN6AQEYVM8'),
(644, 18, 'JR_YDS_CK-14', 25000, 32500, 'DN6AQEYVM8'),
(645, 18, 'JR_YDS_NV-12', 25000, 32500, 'PARO2460Z5'),
(646, 18, 'JR_YDS_NV-12', 25000, 32500, 'PARO2460Z5'),
(647, 18, 'JR_YDS_NV-12', 25000, 32500, 'PARO2460Z5'),
(648, 18, 'JR_YDS_NV-12', 25000, 32500, 'PARO2460Z5'),
(649, 18, 'JR_YDS_NV-12', 25000, 32500, 'PARO2460Z5'),
(650, 18, 'JR_YDS_NV-12', 25000, 32500, 'PARO2460Z5'),
(651, 18, 'JR_YDS_NV-12', 25000, 32500, 'PARO2460Z5'),
(652, 18, 'JR_YDS_NV-12', 25000, 32500, 'PARO2460Z5'),
(653, 18, 'JR_YDS_NV-12', 25000, 32500, 'PARO2460Z5'),
(654, 18, 'JR_YDS_NV-12', 25000, 32500, 'PARO2460Z5'),
(655, 18, 'JR_YDS_NV-12', 25000, 32500, 'PARO2460Z5'),
(656, 18, 'JR_YDS_NV-12', 25000, 32500, 'PARO2460Z5'),
(657, 18, 'JR_YDS_NV-12', 25000, 32500, 'PARO2460Z5'),
(658, 18, 'JR_YDS_NV-12', 25000, 32500, 'PARO2460Z5'),
(659, 18, 'JR_YDS_NV-12', 25000, 32500, 'PARO2460Z5'),
(660, 18, 'JR_YDS_NV-12', 25000, 32500, 'PARO2460Z5'),
(661, 18, 'JR_YDS_NV-12', 25000, 32500, 'PARO2460Z5'),
(662, 18, 'JR_YDS_NV-12', 25000, 32500, 'PARO2460Z5'),
(663, 18, 'JR_YDS_NV-12', 25000, 32500, 'PARO2460Z5'),
(664, 18, 'JR_YDS_NV-12', 25000, 32500, 'PARO2460Z5'),
(665, 18, 'JR_YDS_NV-12', 25000, 32500, 'PARO2460Z5'),
(666, 18, 'JR_YDS_NV-12', 25000, 32500, 'PARO2460Z5'),
(667, 18, 'JR_YDS_NV-12', 25000, 32500, 'PARO2460Z5'),
(668, 18, 'JR_YDS_NV-12', 25000, 32500, 'PARO2460Z5'),
(669, 18, 'JR_YDS_NV-12', 25000, 32500, 'PARO2460Z5'),
(670, 18, 'JR_YDS_NV-12', 25000, 32500, 'PARO2460Z5'),
(671, 18, 'JR_YDS_NV-12', 25000, 32500, 'PARO2460Z5'),
(672, 18, 'JR_YDS_NV-12', 25000, 32500, 'PARO2460Z5'),
(673, 18, 'JR_YDS_NV-12', 25000, 32500, 'PARO2460Z5'),
(674, 18, 'JR_YDS_NV-12', 25000, 32500, 'PARO2460Z5'),
(675, 18, 'JR_YDS_NV-12', 25000, 32500, 'PARO2460Z5'),
(676, 18, 'JR_YDS_NV-12', 25000, 32500, 'PARO2460Z5'),
(677, 18, 'JR_YDS_NV-12', 25000, 32500, 'PARO2460Z5'),
(678, 18, 'JR_YDS_NV-12', 25000, 32500, 'PARO2460Z5'),
(679, 18, 'JR_YDS_NV-12', 25000, 32500, 'PARO2460Z5'),
(680, 18, 'JR_YDS_NV-12', 25000, 32500, 'PARO2460Z5'),
(681, 18, 'JR_YDS_NV-12', 25000, 32500, 'PARO2460Z5'),
(682, 18, 'JR_YDS_NV-12', 25000, 32500, 'PARO2460Z5'),
(683, 18, 'JR_YDS_NV-12', 25000, 32500, 'PARO2460Z5'),
(684, 18, 'JR_YDS_NV-12', 25000, 32500, 'PARO2460Z5'),
(685, 18, 'JR_YDS_NV-12', 25000, 32500, 'PARO2460Z5'),
(686, 18, 'JR_YDS_NV-12', 25000, 32500, 'PARO2460Z5'),
(687, 18, 'JR_YDS_NV-12', 25000, 32500, 'PARO2460Z5'),
(688, 18, 'JR_YDS_NV-12', 25000, 32500, 'PARO2460Z5'),
(689, 18, 'JR_YDS_NV-12', 25000, 32500, 'PARO2460Z5'),
(690, 18, 'JR_YDS_NV-12', 25000, 32500, 'PARO2460Z5'),
(691, 18, 'JR_YDS_NV-12', 25000, 32500, 'PARO2460Z5'),
(692, 18, 'JR_YDS_NV-12', 25000, 32500, 'PARO2460Z5'),
(693, 18, 'JR_YDS_NV-12', 25000, 32500, 'PARO2460Z5'),
(694, 18, 'JR_YDS_NV-12', 25000, 32500, 'PARO2460Z5'),
(695, 18, 'JR_YDS_NV-12', 25000, 32500, 'PARO2460Z5'),
(696, 18, 'JR_YDS_NV-12', 25000, 32500, 'PARO2460Z5'),
(697, 18, 'JR_YDS_NV-12', 25000, 32500, 'PARO2460Z5'),
(698, 18, 'JR_YDS_NV-12', 25000, 32500, 'PARO2460Z5'),
(699, 18, 'JR_YDS_NV-12', 25000, 32500, 'PARO2460Z5'),
(700, 18, 'JR_YDS_NV-12', 25000, 32500, 'PARO2460Z5'),
(701, 18, 'JR_YDS_NV-12', 25000, 32500, 'PARO2460Z5'),
(702, 18, 'JR_YDS_NV-12', 25000, 32500, 'PARO2460Z5'),
(703, 18, 'JR_YDS_NV-12', 25000, 32500, 'PARO2460Z5'),
(704, 18, 'JR_YDS_NV-12', 25000, 32500, 'PARO2460Z5'),
(705, 18, 'JR_YDS_NV-12', 25000, 32500, 'PARO2460Z5'),
(706, 18, 'JR_YDS_NV-12', 25000, 32500, 'PARO2460Z5'),
(707, 18, 'JR_YDS_NV-12', 25000, 32500, 'PARO2460Z5'),
(708, 18, 'JR_YDS_NV-12', 25000, 32500, 'PARO2460Z5'),
(709, 18, 'JR_YDS_NV-12', 25000, 32500, 'PARO2460Z5'),
(710, 18, 'JR_YDS_NV-12', 25000, 32500, 'PARO2460Z5'),
(711, 18, 'JR_YDS_NV-12', 25000, 32500, 'PARO2460Z5'),
(712, 18, 'JR_YDS_NV-12', 25000, 32500, 'PARO2460Z5'),
(713, 18, 'JR_YDS_NV-12', 25000, 32500, 'PARO2460Z5'),
(714, 18, 'JR_YDS_NV-12', 25000, 32500, 'PARO2460Z5'),
(715, 18, 'JR_YDS_NV-12', 25000, 32500, 'PARO2460Z5'),
(716, 18, 'JR_YDS_NV-12', 25000, 32500, 'PARO2460Z5'),
(717, 18, 'JR_YDS_NV-12', 25000, 32500, 'PARO2460Z5'),
(718, 18, 'JR_YDS_NV-12', 25000, 32500, 'PARO2460Z5'),
(719, 12, 'JR_MH_PT-14', 25000, 35000, '2YU6GN1B7S'),
(720, 12, 'JR_MH_PT-14', 25000, 35000, '2YU6GN1B7S'),
(721, 12, 'JR_MH_PT-14', 25000, 35000, '2YU6GN1B7S'),
(722, 12, 'JR_MH_PT-14', 25000, 35000, '2YU6GN1B7S'),
(723, 12, 'JR_MH_PT-14', 25000, 35000, '2YU6GN1B7S'),
(724, 12, 'JR_MH_PT-14', 25000, 35000, '2YU6GN1B7S'),
(725, 12, 'JR_MH_PT-14', 25000, 35000, '2YU6GN1B7S'),
(726, 12, 'JR_MH_PT-14', 25000, 35000, '2YU6GN1B7S'),
(727, 12, 'JR_MH_PT-14', 25000, 35000, '2YU6GN1B7S'),
(728, 12, 'JR_MH_PT-14', 25000, 35000, '2YU6GN1B7S'),
(729, 12, 'JR_MH_PT-14', 25000, 35000, '2YU6GN1B7S'),
(730, 12, 'JR_MH_PT-14', 25000, 35000, '2YU6GN1B7S'),
(731, 12, 'JR_MH_PT-14', 25000, 35000, '2YU6GN1B7S'),
(732, 12, 'JR_MH_PT-14', 25000, 35000, '2YU6GN1B7S'),
(733, 12, 'JR_MH_PT-14', 25000, 35000, '2YU6GN1B7S'),
(734, 12, 'JR_MH_PT-14', 25000, 35000, '2YU6GN1B7S'),
(735, 12, 'JR_MH_PT-14', 25000, 35000, '2YU6GN1B7S'),
(736, 12, 'JR_MH_PT-14', 25000, 35000, '2YU6GN1B7S'),
(737, 12, 'JR_MH_PT-14', 25000, 35000, '2YU6GN1B7S'),
(738, 12, 'JR_MH_PT-14', 25000, 35000, '2YU6GN1B7S'),
(739, 12, 'JR_MH_PT-14', 25000, 35000, '2YU6GN1B7S'),
(740, 12, 'JR_MH_PT-14', 25000, 35000, '2YU6GN1B7S'),
(741, 12, 'JR_MH_PT-14', 25000, 35000, '2YU6GN1B7S'),
(742, 12, 'JR_MH_PT-14', 25000, 35000, '2YU6GN1B7S'),
(743, 12, 'JR_MH_PT-14', 25000, 35000, '2YU6GN1B7S'),
(744, 12, 'JR_MH_PT-14', 25000, 35000, '2YU6GN1B7S'),
(745, 12, 'JR_MH_PT-14', 25000, 35000, '2YU6GN1B7S'),
(746, 12, 'JR_MH_PT-14', 25000, 35000, '2YU6GN1B7S'),
(747, 12, 'JR_MH_PT-14', 25000, 35000, '2YU6GN1B7S'),
(748, 12, 'JR_MH_PT-14', 25000, 35000, '2YU6GN1B7S'),
(749, 12, 'JR_MH_PT-14', 25000, 35000, '2YU6GN1B7S'),
(750, 12, 'JR_MH_PT-14', 25000, 35000, '2YU6GN1B7S'),
(751, 12, 'JR_MH_PT-14', 25000, 35000, '2YU6GN1B7S'),
(752, 12, 'JR_MH_PT-14', 25000, 35000, '2YU6GN1B7S'),
(753, 12, 'JR_MH_PT-14', 25000, 35000, '2YU6GN1B7S'),
(754, 12, 'JR_MH_PT-14', 25000, 35000, '2YU6GN1B7S'),
(755, 12, 'JR_MH_PT-14', 25000, 35000, '2YU6GN1B7S'),
(756, 12, 'JR_MH_PT-14', 25000, 35000, '2YU6GN1B7S'),
(757, 12, 'JR_MH_PT-14', 25000, 35000, '2YU6GN1B7S'),
(758, 12, 'JR_MH_PT-14', 25000, 35000, '2YU6GN1B7S'),
(759, 12, 'JR_MH_PT-14', 25000, 35000, '2YU6GN1B7S'),
(760, 12, 'JR_MH_PT-14', 25000, 35000, '2YU6GN1B7S'),
(761, 12, 'JR_MH_NV-12', 25000, 35000, 'PG8REUL53Q'),
(762, 12, 'JR_MH_NV-12', 25000, 35000, 'PG8REUL53Q'),
(763, 12, 'JR_MH_NV-12', 25000, 35000, 'PG8REUL53Q'),
(764, 12, 'JR_MH_NV-12', 25000, 35000, 'PG8REUL53Q'),
(765, 12, 'JR_MH_NV-12', 25000, 35000, 'PG8REUL53Q'),
(766, 12, 'JR_MH_NV-12', 25000, 35000, 'PG8REUL53Q'),
(767, 12, 'JR_MH_NV-12', 25000, 35000, 'PG8REUL53Q'),
(768, 12, 'JR_MH_NV-12', 25000, 35000, 'PG8REUL53Q'),
(769, 12, 'JR_MH_NV-12', 25000, 35000, 'PG8REUL53Q'),
(770, 12, 'JR_MH_NV-12', 25000, 35000, 'PG8REUL53Q'),
(771, 12, 'JR_MH_NV-12', 25000, 35000, 'PG8REUL53Q'),
(772, 12, 'JR_MH_NV-12', 25000, 35000, 'PG8REUL53Q'),
(773, 12, 'JR_MH_NV-12', 25000, 35000, 'PG8REUL53Q'),
(774, 12, 'JR_MH_NV-12', 25000, 35000, 'PG8REUL53Q'),
(775, 12, 'JR_MH_NV-12', 25000, 35000, 'PG8REUL53Q'),
(776, 12, 'JR_MH_NV-12', 25000, 35000, 'PG8REUL53Q'),
(777, 12, 'JR_MH_NV-12', 25000, 35000, 'PG8REUL53Q'),
(778, 12, 'JR_MH_NV-12', 25000, 35000, 'PG8REUL53Q'),
(779, 12, 'JR_MH_NV-12', 25000, 35000, 'PG8REUL53Q'),
(780, 12, 'JR_MH_NV-12', 25000, 35000, 'PG8REUL53Q'),
(781, 12, 'JR_MH_NV-12', 25000, 35000, 'PG8REUL53Q'),
(782, 12, 'JR_MH_NV-12', 25000, 35000, 'PG8REUL53Q'),
(783, 12, 'JR_MH_NV-12', 25000, 35000, 'PG8REUL53Q'),
(784, 12, 'JR_MH_NV-12', 25000, 35000, 'PG8REUL53Q'),
(785, 12, 'JR_MH_NV-12', 25000, 35000, 'PG8REUL53Q'),
(786, 12, 'JR_MH_NV-12', 25000, 35000, 'PG8REUL53Q'),
(787, 12, 'JR_MH_NV-12', 25000, 35000, 'PG8REUL53Q'),
(788, 12, 'JR_MH_NV-12', 25000, 35000, 'PG8REUL53Q'),
(789, 12, 'JR_MH_NV-12', 25000, 35000, 'PG8REUL53Q'),
(790, 12, 'JR_MH_NV-12', 25000, 35000, 'PG8REUL53Q'),
(791, 12, 'JR_MH_NV-12', 25000, 35000, 'PG8REUL53Q'),
(792, 12, 'JR_MH_NV-12', 25000, 35000, 'PG8REUL53Q'),
(793, 12, 'JR_MH_NV-12', 25000, 35000, 'PG8REUL53Q'),
(794, 12, 'JR_MH_NV-12', 25000, 35000, 'PG8REUL53Q'),
(795, 12, 'JR_MH_NV-12', 25000, 35000, 'PG8REUL53Q'),
(796, 12, 'JR_MH_NV-12', 25000, 35000, 'PG8REUL53Q'),
(797, 12, 'JR_MH_NV-12', 25000, 35000, 'PG8REUL53Q'),
(798, 12, 'JR_MH_NV-12', 25000, 35000, 'PG8REUL53Q'),
(799, 12, 'JR_MH_NV-12', 25000, 35000, 'PG8REUL53Q'),
(800, 12, 'JR_MH_NV-12', 25000, 35000, 'PG8REUL53Q'),
(801, 12, 'JR_MH_NV-12', 25000, 35000, 'PG8REUL53Q'),
(802, 12, 'JR_MH_NV-12', 25000, 35000, 'PG8REUL53Q'),
(803, 12, 'JR_MH_NV-12', 25000, 35000, 'PG8REUL53Q'),
(804, 12, 'JR_MH_NV-12', 25000, 35000, 'PG8REUL53Q'),
(805, 12, 'JR_MH_NV-12', 25000, 35000, 'PG8REUL53Q'),
(806, 12, 'JR_MH_NV-12', 25000, 35000, 'PG8REUL53Q'),
(807, 12, 'JR_MH_NV-12', 25000, 35000, 'PG8REUL53Q'),
(808, 12, 'JR_MH_NV-12', 25000, 35000, 'PG8REUL53Q'),
(809, 12, 'JR_MH_NV-12', 25000, 35000, 'PG8REUL53Q'),
(810, 12, 'JR_MH_NV-12', 25000, 35000, 'PG8REUL53Q'),
(811, 12, 'JR_MH_NV-12', 25000, 35000, 'PG8REUL53Q'),
(812, 12, 'JR_MH_NV-12', 25000, 35000, 'PG8REUL53Q'),
(813, 12, 'JR_MH_NV-12', 25000, 35000, 'PG8REUL53Q'),
(814, 12, 'JR_MH_NV-12', 25000, 35000, 'PG8REUL53Q'),
(815, 12, 'JR_MH_NV-12', 25000, 35000, 'PG8REUL53Q'),
(816, 12, 'JR_MH_NV-12', 25000, 35000, 'PG8REUL53Q'),
(817, 12, 'JR_MH_NV-12', 25000, 35000, 'PG8REUL53Q'),
(818, 12, 'JR_MH_NV-12', 25000, 35000, 'PG8REUL53Q'),
(819, 12, 'JR_MH_NV-12', 25000, 35000, 'PG8REUL53Q'),
(820, 12, 'JR_MH_NV-12', 25000, 35000, 'PG8REUL53Q'),
(821, 12, 'JR_MH_NV-12', 25000, 35000, 'PG8REUL53Q'),
(822, 12, 'JR_MH_NV-12', 25000, 35000, 'PG8REUL53Q'),
(823, 12, 'JR_MH_NV-12', 25000, 35000, 'PG8REUL53Q'),
(824, 12, 'JR_MH_NV-12', 25000, 35000, 'PG8REUL53Q'),
(825, 12, 'JR_MH_NV-12', 25000, 35000, 'PG8REUL53Q'),
(826, 12, 'JR_MH_NV-12', 25000, 35000, 'PG8REUL53Q'),
(827, 12, 'JR_MH_NV-12', 25000, 35000, 'PG8REUL53Q'),
(828, 12, 'JR_MH_NV-12', 25000, 35000, 'PG8REUL53Q'),
(829, 12, 'JR_MH_NV-12', 25000, 35000, 'PG8REUL53Q'),
(830, 12, 'JR_MH_NV-12', 25000, 35000, 'PG8REUL53Q'),
(831, 12, 'JR_MH_NV-12', 25000, 35000, 'PG8REUL53Q'),
(832, 12, 'JR_MH_NV-12', 25000, 35000, 'PG8REUL53Q'),
(833, 12, 'JR_MH_NV-12', 25000, 35000, 'PG8REUL53Q'),
(834, 12, 'JR_MH_CK-10', 25000, 35000, 'YW2SXF9UD4'),
(835, 12, 'JR_MH_CK-10', 25000, 35000, 'YW2SXF9UD4'),
(836, 12, 'JR_MH_CK-10', 25000, 35000, 'YW2SXF9UD4'),
(837, 12, 'JR_MH_CK-10', 25000, 35000, 'YW2SXF9UD4'),
(838, 12, 'JR_MH_CK-10', 25000, 35000, 'YW2SXF9UD4'),
(839, 12, 'JR_MH_CK-10', 25000, 35000, 'YW2SXF9UD4'),
(840, 12, 'JR_MH_CK-10', 25000, 35000, 'YW2SXF9UD4'),
(841, 12, 'JR_MH_CK-10', 25000, 35000, 'YW2SXF9UD4'),
(842, 12, 'JR_MH_CK-10', 25000, 35000, 'YW2SXF9UD4'),
(843, 12, 'JR_MH_CK-10', 25000, 35000, 'YW2SXF9UD4'),
(844, 12, 'JR_MH_CK-10', 25000, 35000, 'YW2SXF9UD4'),
(845, 12, 'JR_MH_CK-10', 25000, 35000, 'YW2SXF9UD4'),
(846, 12, 'JR_MH_CK-10', 25000, 35000, 'YW2SXF9UD4'),
(847, 12, 'JR_MH_CK-10', 25000, 35000, 'YW2SXF9UD4'),
(848, 12, 'JR_MH_CK-10', 25000, 35000, 'YW2SXF9UD4'),
(849, 12, 'JR_MH_CK-10', 25000, 35000, 'YW2SXF9UD4'),
(850, 12, 'JR_MH_CK-10', 25000, 35000, 'YW2SXF9UD4'),
(851, 12, 'JR_MH_CK-10', 25000, 35000, 'YW2SXF9UD4'),
(852, 12, 'JR_MH_CK-10', 25000, 35000, 'YW2SXF9UD4'),
(853, 12, 'JR_MH_CK-10', 25000, 35000, 'YW2SXF9UD4'),
(854, 12, 'JR_MH_CK-10', 25000, 35000, 'YW2SXF9UD4'),
(855, 12, 'JR_MH_CK-10', 25000, 35000, 'YW2SXF9UD4'),
(856, 12, 'JR_MH_CK-10', 25000, 35000, 'YW2SXF9UD4'),
(857, 12, 'JR_MH_CK-10', 25000, 35000, 'YW2SXF9UD4'),
(858, 12, 'JR_MH_CK-10', 25000, 35000, 'YW2SXF9UD4'),
(859, 12, 'JR_MH_CK-10', 25000, 35000, 'YW2SXF9UD4'),
(860, 12, 'JR_MH_CK-10', 25000, 35000, 'YW2SXF9UD4'),
(861, 12, 'JR_MH_CK-10', 25000, 35000, 'YW2SXF9UD4'),
(862, 12, 'JR_MH_CK-10', 25000, 35000, 'YW2SXF9UD4'),
(863, 12, 'JR_MH_CK-10', 25000, 35000, 'YW2SXF9UD4'),
(864, 12, 'JR_MH_CK-10', 25000, 35000, 'YW2SXF9UD4'),
(865, 12, 'JR_MH_CK-10', 25000, 35000, 'YW2SXF9UD4'),
(866, 12, 'JR_MH_CK-10', 25000, 35000, 'YW2SXF9UD4'),
(867, 12, 'JR_MH_CK-10', 25000, 35000, 'YW2SXF9UD4'),
(868, 12, 'JR_MH_CK-10', 25000, 35000, 'YW2SXF9UD4'),
(869, 12, 'JR_MH_CK-10', 25000, 35000, 'YW2SXF9UD4'),
(870, 12, 'JR_MH_CK-10', 25000, 35000, 'YW2SXF9UD4'),
(871, 12, 'JR_MH_CK-10', 25000, 35000, 'YW2SXF9UD4'),
(872, 12, 'JR_MH_CK-10', 25000, 35000, 'YW2SXF9UD4'),
(873, 12, 'JR_MH_CK-10', 25000, 35000, 'YW2SXF9UD4'),
(874, 12, 'JR_MH_CK-10', 25000, 35000, 'YW2SXF9UD4'),
(875, 12, 'JR_MH_CK-10', 25000, 35000, 'YW2SXF9UD4'),
(876, 12, 'JR_MH_CK-10', 25000, 35000, 'YW2SXF9UD4'),
(877, 12, 'JR_MH_CK-10', 25000, 35000, 'YW2SXF9UD4'),
(878, 12, 'JR_MH_CK-10', 25000, 35000, 'YW2SXF9UD4'),
(879, 12, 'JR_MH_CK-10', 25000, 35000, 'YW2SXF9UD4'),
(880, 12, 'JR_MH_CK-10', 25000, 35000, 'YW2SXF9UD4'),
(881, 12, 'JR_MH_CK-10', 25000, 35000, 'YW2SXF9UD4'),
(882, 12, 'JR_MH_CK-10', 25000, 35000, 'YW2SXF9UD4'),
(883, 12, 'JR_MH_CK-10', 25000, 35000, 'YW2SXF9UD4'),
(884, 12, 'JR_MH_CK-10', 25000, 35000, 'YW2SXF9UD4'),
(885, 12, 'JR_MH_CK-10', 25000, 35000, 'YW2SXF9UD4'),
(886, 12, 'JR_MH_CK-10', 25000, 35000, 'YW2SXF9UD4'),
(887, 12, 'JR_MH_CK-10', 25000, 35000, 'YW2SXF9UD4'),
(888, 12, 'JR_MH_CK-10', 25000, 35000, 'YW2SXF9UD4'),
(889, 12, 'JR_MH_CK-10', 25000, 35000, 'YW2SXF9UD4'),
(890, 12, 'JR_MH_CK-10', 25000, 35000, 'YW2SXF9UD4'),
(891, 12, 'JR_MH_CK-10', 25000, 35000, 'YW2SXF9UD4'),
(892, 12, 'JR_MH_CK-10', 25000, 35000, 'YW2SXF9UD4'),
(893, 12, 'JR_MH_CK-10', 25000, 35000, 'YW2SXF9UD4'),
(894, 12, 'JR_MH_CK-10', 25000, 35000, 'YW2SXF9UD4'),
(895, 12, 'JR_MH_CK-10', 25000, 35000, 'YW2SXF9UD4'),
(896, 12, 'JR_MH_CK-10', 25000, 35000, 'YW2SXF9UD4'),
(897, 12, 'JR_MH_CK-10', 25000, 35000, 'YW2SXF9UD4'),
(898, 12, 'JR_MH_CK-10', 25000, 35000, 'YW2SXF9UD4'),
(899, 12, 'JR_MH_CK-10', 25000, 35000, 'YW2SXF9UD4'),
(900, 12, 'JR_MH_CK-10', 25000, 35000, 'YW2SXF9UD4'),
(901, 12, 'JR_MH_CK-10', 25000, 35000, 'YW2SXF9UD4'),
(902, 12, 'JR_MH_CK-10', 25000, 35000, 'YW2SXF9UD4'),
(903, 12, 'JR_MH_CK-10', 25000, 35000, 'YW2SXF9UD4'),
(904, 12, 'JR_MH_AB-14', 25000, 35000, 'WS8315FLPA'),
(905, 12, 'JR_MH_AB-14', 25000, 35000, 'WS8315FLPA'),
(906, 12, 'JR_MH_AB-14', 25000, 35000, 'WS8315FLPA'),
(907, 12, 'JR_MH_AB-14', 25000, 35000, 'WS8315FLPA'),
(908, 12, 'JR_MH_AB-14', 25000, 35000, 'WS8315FLPA'),
(909, 12, 'JR_MH_AB-14', 25000, 35000, 'WS8315FLPA'),
(910, 12, 'JR_MH_AB-14', 25000, 35000, 'WS8315FLPA'),
(911, 12, 'JR_MH_AB-14', 25000, 35000, 'WS8315FLPA'),
(912, 12, 'JR_MH_AB-14', 25000, 35000, 'WS8315FLPA'),
(913, 12, 'JR_MH_AB-14', 25000, 35000, 'WS8315FLPA'),
(914, 12, 'JR_MH_AB-14', 25000, 35000, 'WS8315FLPA'),
(915, 12, 'JR_MH_AB-14', 25000, 35000, 'WS8315FLPA'),
(916, 12, 'JR_MH_AB-14', 25000, 35000, 'WS8315FLPA'),
(917, 12, 'JR_MH_AB-14', 25000, 35000, 'WS8315FLPA'),
(918, 12, 'JR_MH_AB-14', 25000, 35000, 'WS8315FLPA'),
(919, 12, 'JR_MH_AB-14', 25000, 35000, 'WS8315FLPA'),
(920, 12, 'JR_MH_AB-14', 25000, 35000, 'WS8315FLPA'),
(921, 12, 'JR_MH_AB-14', 25000, 35000, 'WS8315FLPA'),
(922, 12, 'JR_MH_AB-14', 25000, 35000, 'WS8315FLPA'),
(923, 12, 'JR_MH_AB-14', 25000, 35000, 'WS8315FLPA'),
(924, 12, 'JR_MH_AB-14', 25000, 35000, 'WS8315FLPA'),
(925, 12, 'JR_MH_AB-14', 25000, 35000, 'WS8315FLPA'),
(926, 12, 'JR_MH_AB-14', 25000, 35000, 'WS8315FLPA'),
(927, 12, 'JR_MH_AB-14', 25000, 35000, 'WS8315FLPA'),
(928, 12, 'JR_MH_AB-14', 25000, 35000, 'WS8315FLPA'),
(929, 12, 'JR_MH_AB-14', 25000, 35000, 'WS8315FLPA'),
(930, 12, 'JR_MH_AB-14', 25000, 35000, 'WS8315FLPA'),
(931, 12, 'JR_MH_AB-14', 25000, 35000, 'WS8315FLPA'),
(932, 12, 'JR_MH_AB-14', 25000, 35000, 'WS8315FLPA'),
(933, 12, 'JR_MH_AB-14', 25000, 35000, 'WS8315FLPA'),
(934, 12, 'JR_MH_AB-14', 25000, 35000, 'WS8315FLPA'),
(935, 12, 'JR_MH_AB-14', 25000, 35000, 'WS8315FLPA'),
(936, 12, 'JR_MH_AB-14', 25000, 35000, 'WS8315FLPA'),
(937, 12, 'JR_MH_AB-14', 25000, 35000, 'WS8315FLPA'),
(938, 12, 'JR_MH_AB-14', 25000, 35000, 'WS8315FLPA'),
(939, 12, 'JR_MH_AB-14', 25000, 35000, 'WS8315FLPA'),
(940, 12, 'JR_MH_AB-14', 25000, 35000, 'WS8315FLPA'),
(941, 12, 'JR_MH_AB-14', 25000, 35000, 'WS8315FLPA'),
(942, 12, 'JR_MH_AB-14', 25000, 35000, 'WS8315FLPA'),
(943, 12, 'JR_MH_AB-14', 25000, 35000, 'WS8315FLPA'),
(944, 12, 'JR_MH_AB-12', 25000, 35000, 'RW4MNECX0A'),
(945, 12, 'JR_MH_AB-12', 25000, 35000, 'RW4MNECX0A'),
(946, 12, 'JR_MH_AB-12', 25000, 35000, 'RW4MNECX0A'),
(947, 12, 'JR_MH_AB-12', 25000, 35000, 'RW4MNECX0A'),
(948, 12, 'JR_MH_AB-12', 25000, 35000, 'RW4MNECX0A'),
(949, 12, 'JR_MH_AB-12', 25000, 35000, 'RW4MNECX0A'),
(950, 12, 'JR_MH_AB-12', 25000, 35000, 'RW4MNECX0A'),
(951, 12, 'JR_MH_AB-12', 25000, 35000, 'RW4MNECX0A'),
(952, 12, 'JR_MH_AB-12', 25000, 35000, 'RW4MNECX0A'),
(953, 12, 'JR_MH_AB-12', 25000, 35000, 'RW4MNECX0A'),
(954, 12, 'JR_MH_AB-12', 25000, 35000, 'RW4MNECX0A'),
(955, 12, 'JR_MH_AB-12', 25000, 35000, 'RW4MNECX0A'),
(956, 12, 'JR_MH_AB-12', 25000, 35000, 'RW4MNECX0A'),
(957, 12, 'JR_MH_AB-12', 25000, 35000, 'RW4MNECX0A'),
(958, 12, 'JR_MH_AB-12', 25000, 35000, 'RW4MNECX0A'),
(959, 12, 'JR_MH_AB-12', 25000, 35000, 'RW4MNECX0A'),
(960, 12, 'JR_MH_AB-12', 25000, 35000, 'RW4MNECX0A'),
(961, 12, 'JR_MH_AB-12', 25000, 35000, 'RW4MNECX0A'),
(962, 12, 'JR_MH_AB-12', 25000, 35000, 'RW4MNECX0A'),
(963, 12, 'JR_MH_AB-12', 25000, 35000, 'RW4MNECX0A'),
(964, 12, 'JR_MH_AB-12', 25000, 35000, 'RW4MNECX0A'),
(965, 12, 'JR_MH_AB-12', 25000, 35000, 'RW4MNECX0A'),
(966, 12, 'JR_MH_AB-12', 25000, 35000, 'RW4MNECX0A'),
(967, 12, 'JR_MH_AB-12', 25000, 35000, 'RW4MNECX0A'),
(968, 12, 'JR_MH_AB-12', 25000, 35000, 'RW4MNECX0A'),
(969, 12, 'JR_MH_AB-12', 25000, 35000, 'RW4MNECX0A'),
(970, 12, 'JR_MH_AB-12', 25000, 35000, 'RW4MNECX0A'),
(971, 12, 'JR_MH_AB-12', 25000, 35000, 'RW4MNECX0A'),
(972, 12, 'JR_MH_AB-12', 25000, 35000, 'RW4MNECX0A'),
(973, 12, 'JR_MH_AB-12', 25000, 35000, 'RW4MNECX0A'),
(974, 12, 'JR_MH_AB-12', 25000, 35000, 'RW4MNECX0A'),
(975, 12, 'JR_MH_AB-12', 25000, 35000, 'RW4MNECX0A'),
(976, 12, 'JR_MH_AB-12', 25000, 35000, 'RW4MNECX0A'),
(977, 12, 'JR_MH_AB-12', 25000, 35000, 'RW4MNECX0A'),
(978, 12, 'JR_MH_AB-12', 25000, 35000, 'RW4MNECX0A'),
(979, 12, 'JR_MH_AB-12', 25000, 35000, 'RW4MNECX0A'),
(980, 12, 'JR_MH_AB-12', 25000, 35000, 'RW4MNECX0A'),
(981, 12, 'JR_MH_AB-12', 25000, 35000, 'RW4MNECX0A'),
(982, 12, 'JR_MH_AB-12', 25000, 35000, 'RW4MNECX0A'),
(983, 12, 'JR_MH_AB-12', 25000, 35000, 'RW4MNECX0A'),
(984, 12, 'JR_MH_AB-12', 25000, 35000, 'RW4MNECX0A'),
(985, 12, 'JR_MH_AB-12', 25000, 35000, 'RW4MNECX0A'),
(986, 12, 'JR_MH_AB-12', 25000, 35000, 'RW4MNECX0A'),
(987, 12, 'JR_MH_AB-12', 25000, 35000, 'RW4MNECX0A'),
(988, 12, 'JR_MH_AB-12', 25000, 35000, 'RW4MNECX0A'),
(989, 12, 'JR_MH_AB-12', 25000, 35000, 'RW4MNECX0A'),
(990, 12, 'JR_MH_AB-12', 25000, 35000, 'RW4MNECX0A'),
(991, 12, 'JR_MH_AB-12', 25000, 35000, 'RW4MNECX0A'),
(992, 12, 'JR_MH_AB-12', 25000, 35000, 'RW4MNECX0A'),
(993, 12, 'JR_MH_AB-12', 25000, 35000, 'RW4MNECX0A'),
(994, 12, 'JR_MH_AB-12', 25000, 35000, 'RW4MNECX0A'),
(995, 12, 'JR_MH_AB-12', 25000, 35000, 'RW4MNECX0A'),
(996, 12, 'JR_MH_AB-12', 25000, 35000, 'RW4MNECX0A'),
(997, 12, 'JR_MH_AB-12', 25000, 35000, 'RW4MNECX0A'),
(998, 12, 'JR_MH_AB-12', 25000, 35000, 'RW4MNECX0A'),
(999, 12, 'JR_MH_AB-12', 25000, 35000, 'RW4MNECX0A'),
(1000, 12, 'JR_MH_AB-12', 25000, 35000, 'RW4MNECX0A'),
(1001, 12, 'JR_MH_AB-12', 25000, 35000, 'RW4MNECX0A'),
(1002, 12, 'JR_MH_AB-12', 25000, 35000, 'RW4MNECX0A'),
(1003, 12, 'JR_MH_AB-12', 25000, 35000, 'RW4MNECX0A'),
(1004, 12, 'JR_MH_AB-12', 25000, 35000, 'RW4MNECX0A'),
(1005, 12, 'JR_MH_AB-12', 25000, 35000, 'RW4MNECX0A'),
(1006, 12, 'JR_MH_AB-12', 25000, 35000, 'RW4MNECX0A'),
(1007, 12, 'JR_MH_AB-12', 25000, 35000, 'RW4MNECX0A'),
(1008, 12, 'JR_MH_AB-12', 25000, 35000, 'RW4MNECX0A'),
(1009, 12, 'JR_MH_AB-12', 25000, 35000, 'RW4MNECX0A'),
(1010, 12, 'JR_MH_AB-12', 25000, 35000, 'RW4MNECX0A'),
(1011, 12, 'JR_MH_AB-12', 25000, 35000, 'RW4MNECX0A'),
(1012, 12, 'JR_MH_AB-12', 25000, 35000, 'RW4MNECX0A'),
(1013, 12, 'JR_MH_AB-12', 25000, 35000, 'RW4MNECX0A'),
(1014, 12, 'JR_MH_HT-10', 25000, 35000, 'AEDFHQMYG4'),
(1015, 12, 'JR_MH_HT-10', 25000, 35000, 'AEDFHQMYG4'),
(1016, 12, 'JR_MH_HT-10', 25000, 35000, 'AEDFHQMYG4'),
(1017, 12, 'JR_MH_HT-10', 25000, 35000, 'AEDFHQMYG4'),
(1018, 12, 'JR_MH_HT-10', 25000, 35000, 'AEDFHQMYG4'),
(1019, 12, 'JR_MH_HT-10', 25000, 35000, 'AEDFHQMYG4'),
(1020, 12, 'JR_MH_HT-10', 25000, 35000, 'AEDFHQMYG4'),
(1021, 12, 'JR_MH_HT-10', 25000, 35000, 'AEDFHQMYG4'),
(1022, 12, 'JR_MH_HT-10', 25000, 35000, 'AEDFHQMYG4'),
(1023, 12, 'JR_MH_HT-10', 25000, 35000, 'AEDFHQMYG4'),
(1024, 12, 'JR_MH_HT-10', 25000, 35000, 'AEDFHQMYG4'),
(1025, 12, 'JR_MH_HT-10', 25000, 35000, 'AEDFHQMYG4'),
(1026, 12, 'JR_MH_HT-10', 25000, 35000, 'AEDFHQMYG4'),
(1027, 12, 'JR_MH_HT-10', 25000, 35000, 'AEDFHQMYG4'),
(1028, 12, 'JR_MH_HT-10', 25000, 35000, 'AEDFHQMYG4'),
(1029, 12, 'JR_MH_HT-10', 25000, 35000, 'AEDFHQMYG4'),
(1030, 12, 'JR_MH_HT-10', 25000, 35000, 'AEDFHQMYG4'),
(1031, 12, 'JR_MH_HT-10', 25000, 35000, 'AEDFHQMYG4'),
(1032, 12, 'JR_MH_HT-10', 25000, 35000, 'AEDFHQMYG4'),
(1033, 12, 'JR_MH_HT-10', 25000, 35000, 'AEDFHQMYG4'),
(1034, 12, 'JR_MH_HT-10', 25000, 35000, 'AEDFHQMYG4'),
(1035, 12, 'JR_MH_HT-10', 25000, 35000, 'AEDFHQMYG4'),
(1036, 12, 'JR_MH_HT-10', 25000, 35000, 'AEDFHQMYG4'),
(1037, 12, 'JR_MH_HT-10', 25000, 35000, 'AEDFHQMYG4'),
(1038, 12, 'JR_MH_HT-10', 25000, 35000, 'AEDFHQMYG4'),
(1039, 12, 'JR_MH_HT-10', 25000, 35000, 'AEDFHQMYG4'),
(1040, 12, 'JR_MH_HT-10', 25000, 35000, 'AEDFHQMYG4'),
(1041, 12, 'JR_MH_HT-10', 25000, 35000, 'AEDFHQMYG4'),
(1042, 12, 'JR_MH_HT-10', 25000, 35000, 'AEDFHQMYG4'),
(1043, 12, 'JR_MH_HT-10', 25000, 35000, 'AEDFHQMYG4'),
(1044, 12, 'JR_MH_HT-10', 25000, 35000, 'AEDFHQMYG4'),
(1045, 12, 'JR_MH_HT-10', 25000, 35000, 'AEDFHQMYG4'),
(1046, 12, 'JR_MH_HT-10', 25000, 35000, 'AEDFHQMYG4'),
(1047, 12, 'JR_MH_HT-10', 25000, 35000, 'AEDFHQMYG4'),
(1048, 12, 'JR_MH_HT-10', 25000, 35000, 'AEDFHQMYG4'),
(1049, 12, 'JR_MH_HT-10', 25000, 35000, 'AEDFHQMYG4'),
(1050, 12, 'JR_MH_HT-10', 25000, 35000, 'AEDFHQMYG4'),
(1051, 12, 'JR_MH_HT-10', 25000, 35000, 'AEDFHQMYG4'),
(1052, 12, 'JR_MH_HT-10', 25000, 35000, 'AEDFHQMYG4'),
(1053, 12, 'JR_MH_HT-10', 25000, 35000, 'AEDFHQMYG4'),
(1054, 12, 'JR_MH_HT-10', 25000, 35000, 'AEDFHQMYG4'),
(1055, 12, 'JR_MH_HT-10', 25000, 35000, 'AEDFHQMYG4'),
(1056, 12, 'JR_MH_HT-10', 25000, 35000, 'AEDFHQMYG4'),
(1057, 12, 'JR_MH_HT-10', 25000, 35000, 'AEDFHQMYG4'),
(1058, 12, 'JR_MH_HT-10', 25000, 35000, 'AEDFHQMYG4'),
(1059, 12, 'JR_MH_HT-10', 25000, 35000, 'AEDFHQMYG4'),
(1060, 12, 'JR_MH_HT-10', 25000, 35000, 'AEDFHQMYG4'),
(1061, 12, 'JR_MH_HT-10', 25000, 35000, 'AEDFHQMYG4'),
(1062, 12, 'JR_MH_HT-10', 25000, 35000, 'AEDFHQMYG4'),
(1063, 12, 'JR_MH_HT-10', 25000, 35000, 'AEDFHQMYG4'),
(1064, 12, 'JR_MH_HT-10', 25000, 35000, 'AEDFHQMYG4'),
(1065, 12, 'JR_MH_HT-10', 25000, 35000, 'AEDFHQMYG4'),
(1066, 12, 'JR_MH_HT-10', 25000, 35000, 'AEDFHQMYG4'),
(1067, 12, 'JR_MH_HT-10', 25000, 35000, 'AEDFHQMYG4'),
(1068, 12, 'JR_MH_HT-10', 25000, 35000, 'AEDFHQMYG4'),
(1069, 12, 'JR_MH_HT-10', 25000, 35000, 'AEDFHQMYG4'),
(1070, 12, 'JR_MH_HT-10', 25000, 35000, 'AEDFHQMYG4'),
(1071, 12, 'JR_MH_HT-10', 25000, 35000, 'AEDFHQMYG4'),
(1072, 12, 'JR_MH_HT-10', 25000, 35000, 'AEDFHQMYG4'),
(1073, 12, 'JR_MH_HT-10', 25000, 35000, 'AEDFHQMYG4'),
(1074, 12, 'JR_MH_HT-10', 25000, 35000, 'AEDFHQMYG4'),
(1075, 12, 'JR_MH_HT-10', 25000, 35000, 'AEDFHQMYG4'),
(1076, 12, 'JR_MH_HT-10', 25000, 35000, 'AEDFHQMYG4'),
(1077, 12, 'JR_MH_HT-10', 25000, 35000, 'AEDFHQMYG4'),
(1078, 12, 'JR_MH_HT-10', 25000, 35000, 'AEDFHQMYG4'),
(1079, 12, 'JR_MH_HT-10', 25000, 35000, 'AEDFHQMYG4'),
(1080, 12, 'JR_MH_HT-10', 25000, 35000, 'AEDFHQMYG4'),
(1081, 12, 'JR_MH_HT-10', 25000, 35000, 'AEDFHQMYG4'),
(1082, 12, 'JR_MH_HT-10', 25000, 35000, 'AEDFHQMYG4'),
(1083, 12, 'JR_MH_HT-10', 25000, 35000, 'AEDFHQMYG4'),
(1084, 12, 'JR_MH_HT-10', 25000, 35000, 'AEDFHQMYG4'),
(1085, 12, 'JR_MH_HT-10', 25000, 35000, 'AEDFHQMYG4'),
(1086, 12, 'JR_MH_HT-10', 25000, 35000, 'AEDFHQMYG4'),
(1087, 12, 'JR_MH_HT-10', 25000, 35000, 'AEDFHQMYG4'),
(1088, 12, 'JR_MH_HT-10', 25000, 35000, 'AEDFHQMYG4'),
(1089, 12, 'JR_MH_HT-10', 25000, 35000, 'AEDFHQMYG4'),
(1090, 12, 'JR_MH_HT-10', 25000, 35000, 'AEDFHQMYG4'),
(1091, 12, 'JR_MH_HT-10', 25000, 35000, 'AEDFHQMYG4'),
(1092, 12, 'JR_MH_HT-10', 25000, 35000, 'AEDFHQMYG4'),
(1093, 12, 'JR_MH_HT-10', 25000, 35000, 'AEDFHQMYG4'),
(1094, 12, 'JR_MH_HT-10', 25000, 35000, 'AEDFHQMYG4'),
(1095, 12, 'JR_MH_HT-10', 25000, 35000, 'AEDFHQMYG4'),
(1096, 12, 'JR_MH_HT-10', 25000, 35000, 'AEDFHQMYG4'),
(1097, 12, 'JR_MH_HT-10', 25000, 35000, 'AEDFHQMYG4'),
(1098, 12, 'JR_MH_HT-10', 25000, 35000, 'AEDFHQMYG4'),
(1099, 12, 'JR_MH_HT-10', 25000, 35000, 'AEDFHQMYG4'),
(1100, 12, 'JR_MH_HT-10', 25000, 35000, 'AEDFHQMYG4'),
(1101, 12, 'JR_MH_HT-10', 25000, 35000, 'AEDFHQMYG4'),
(1102, 12, 'JR_MH_HT-10', 25000, 35000, 'AEDFHQMYG4'),
(1103, 12, 'JR_MH_HT-10', 25000, 35000, 'AEDFHQMYG4'),
(1104, 12, 'JR_MH_HT-10', 25000, 35000, 'AEDFHQMYG4'),
(1105, 12, 'JR_MH_HT-10', 25000, 35000, 'AEDFHQMYG4'),
(1106, 12, 'JR_MH_HT-10', 25000, 35000, 'AEDFHQMYG4'),
(1107, 12, 'JR_MH_HT-10', 25000, 35000, 'AEDFHQMYG4'),
(1108, 12, 'JR_MH_HT-10', 25000, 35000, 'AEDFHQMYG4'),
(1109, 12, 'JR_MH_HT-10', 25000, 35000, 'AEDFHQMYG4'),
(1110, 12, 'JR_MH_HT-10', 25000, 35000, 'AEDFHQMYG4'),
(1111, 12, 'JR_MH_HT-10', 25000, 35000, 'AEDFHQMYG4'),
(1112, 12, 'JR_MH_HT-10', 25000, 35000, 'AEDFHQMYG4'),
(1113, 12, 'JR_MH_HT-10', 25000, 35000, 'AEDFHQMYG4'),
(1114, 12, 'JR_MH_HT-10', 25000, 35000, 'AEDFHQMYG4'),
(1115, 12, 'JR_MH_HT-10', 25000, 35000, 'AEDFHQMYG4'),
(1116, 12, 'JR_MH_HT-10', 25000, 35000, 'AEDFHQMYG4'),
(1117, 12, 'JR_MH_HT-10', 25000, 35000, 'AEDFHQMYG4'),
(1118, 12, 'JR_MH_HT-10', 25000, 35000, 'AEDFHQMYG4'),
(1119, 12, 'JR_MH_HT-10', 25000, 35000, 'AEDFHQMYG4'),
(1120, 12, 'JR_MH_HT-10', 25000, 35000, 'AEDFHQMYG4'),
(1121, 12, 'JR_MH_HT-10', 25000, 35000, 'AEDFHQMYG4'),
(1122, 12, 'JR_MH_HT-10', 25000, 35000, 'AEDFHQMYG4'),
(1123, 12, 'JR_MH_HT-10', 25000, 35000, 'AEDFHQMYG4'),
(1124, 12, 'JR_MH_HT-10', 25000, 35000, 'AEDFHQMYG4'),
(1125, 12, 'JR_MH_HT-10', 25000, 35000, 'AEDFHQMYG4'),
(1126, 12, 'JR_MH_HT-10', 25000, 35000, 'AEDFHQMYG4'),
(1127, 12, 'JR_MH_HT-10', 25000, 35000, 'AEDFHQMYG4'),
(1128, 12, 'JR_MH_HT-10', 25000, 35000, 'AEDFHQMYG4'),
(1129, 12, 'JR_MH_HT-10', 25000, 35000, 'AEDFHQMYG4'),
(1130, 12, 'JR_MH_HT-10', 25000, 35000, 'AEDFHQMYG4'),
(1131, 12, 'JR_MH_HT-10', 25000, 35000, 'AEDFHQMYG4'),
(1132, 12, 'JR_MH_HT-10', 25000, 35000, 'AEDFHQMYG4'),
(1133, 12, 'JR_MH_HT-10', 25000, 35000, 'AEDFHQMYG4'),
(1134, 12, 'JR_MH_HT-10', 25000, 35000, 'AEDFHQMYG4'),
(1135, 12, 'JR_MH_HT-10', 25000, 35000, 'AEDFHQMYG4'),
(1136, 12, 'JR_MH_HT-10', 25000, 35000, 'AEDFHQMYG4'),
(1137, 12, 'JR_MH_HT-10', 25000, 35000, 'AEDFHQMYG4'),
(1138, 12, 'JR_MH_HT-10', 25000, 35000, 'AEDFHQMYG4'),
(1139, 12, 'JR_MH_HT-10', 25000, 35000, 'AEDFHQMYG4'),
(1140, 12, 'JR_MH_HT-10', 25000, 35000, 'AEDFHQMYG4');

-- --------------------------------------------------------

--
-- Table structure for table `data_produk_stok_masuk`
--

CREATE TABLE `data_produk_stok_masuk` (
  `idstok_in` int(11) NOT NULL,
  `suratjalan` varchar(100) NOT NULL,
  `tgl_masuk` date NOT NULL,
  `tgl_input` datetime NOT NULL,
  `yg_input` varchar(100) NOT NULL,
  `id_produsen` int(11) NOT NULL,
  `total_nilai_barang` int(11) NOT NULL,
  `masuk_tagihan` varchar(30) NOT NULL,
  `gambar` varchar(100) NOT NULL,
  `codeinput` varchar(100) NOT NULL
) ENGINE=InnoDB DEFAULT CHARSET=utf8mb4;

--
-- Dumping data for table `data_produk_stok_masuk`
--

INSERT INTO `data_produk_stok_masuk` (`idstok_in`, `suratjalan`, `tgl_masuk`, `tgl_input`, `yg_input`, `id_produsen`, `total_nilai_barang`, `masuk_tagihan`, `gambar`, `codeinput`) VALUES
(1, 'STOK281124', '2024-11-28', '2024-11-29 17:15:21', 'Super User', 5, 3120000, 'yes', 'null', 'MicHkWq1h30YZzGCXrs'),
(2, 'STOK281124A', '2024-11-28', '2024-11-29 17:20:07', 'Super User', 4, 11676000, 'yes', 'null', 's4PAyuoqpN1EjCMScz3');

-- --------------------------------------------------------

--
-- Table structure for table `data_produk_stok_masuk_notes`
--

CREATE TABLE `data_produk_stok_masuk_notes` (
  `idnotesin` int(11) NOT NULL,
  `kode_produk` varchar(50) NOT NULL,
  `nama_produk` varchar(50) NOT NULL,
  `model` varchar(100) NOT NULL,
  `ukuran` varchar(20) NOT NULL,
  `jumlah` int(11) NOT NULL,
  `harga_produk` int(11) NOT NULL,
  `harga_jual` int(11) NOT NULL,
  `codeinput` varchar(100) NOT NULL,
  `code_sha` varchar(100) NOT NULL
) ENGINE=InnoDB DEFAULT CHARSET=utf8mb4;

--
-- Dumping data for table `data_produk_stok_masuk_notes`
--

INSERT INTO `data_produk_stok_masuk_notes` (`idnotesin`, `kode_produk`, `nama_produk`, `model`, `ukuran`, `jumlah`, `harga_produk`, `harga_jual`, `codeinput`, `code_sha`) VALUES
(5, 'JR_YDS_AB', 'YUDISTIRA', 'ABU', '14', 100, 25000, 32500, 's4PAyuoqpN1EjCMScz3', 'EKLNU6DTB5'),
(6, 'JR_YDS_AB', 'YUDISTIRA', 'ABU', '12', 26, 25000, 32500, 's4PAyuoqpN1EjCMScz3', 'DAINZQC042'),
(7, 'JR_YDS_HT', 'YUDISTIRA', 'HITAM', '12', 57, 25000, 32500, 's4PAyuoqpN1EjCMScz3', '9E0Z551DI4'),
(8, 'JR_YDS_HT', 'YUDISTIRA', 'HITAM', '10', 40, 25000, 32500, 's4PAyuoqpN1EjCMScz3', 'TKG5DOQSB5'),
(9, 'JR_YDS_CK', 'YUDISTIRA', 'COKELAT', '14', 95, 25000, 32500, 's4PAyuoqpN1EjCMScz3', 'DN6AQEYVM8'),
(10, 'JR_YDS_NV', 'YUDISTIRA', 'NAVY', '12', 74, 25000, 32500, 's4PAyuoqpN1EjCMScz3', 'PARO2460Z5'),
(11, 'JR_MH_PT', 'EMHA', 'PUTIH', '14', 42, 25000, 35000, 's4PAyuoqpN1EjCMScz3', '2YU6GN1B7S'),
(12, 'JR_MH_NV', 'EMHA', 'NAVY', '12', 73, 25000, 35000, 's4PAyuoqpN1EjCMScz3', 'PG8REUL53Q'),
(13, 'JR_MH_CK', 'EMHA', 'COKELAT', '10', 70, 25000, 35000, 's4PAyuoqpN1EjCMScz3', 'YW2SXF9UD4'),
(14, 'JR_MH_AB', 'EMHA', 'ABU', '14', 40, 25000, 35000, 's4PAyuoqpN1EjCMScz3', 'WS8315FLPA'),
(15, 'JR_MH_AB', 'EMHA', 'ABU', '12', 70, 25000, 35000, 's4PAyuoqpN1EjCMScz3', 'RW4MNECX0A'),
(16, 'JR_MH_HT', 'EMHA', 'HITAM', '10', 127, 25000, 35000, 's4PAyuoqpN1EjCMScz3', 'AEDFHQMYG4');

-- --------------------------------------------------------

--
-- Table structure for table `data_produsen`
--

CREATE TABLE `data_produsen` (
  `id_produsen` int(11) NOT NULL,
  `nama_produsen` varchar(150) NOT NULL,
  `notelp` varchar(15) NOT NULL,
  `alamat` text NOT NULL,
  `user_login` varchar(30) NOT NULL DEFAULT 'null',
  `user_pass` varchar(100) NOT NULL DEFAULT 'null',
  `user_token` varchar(100) NOT NULL DEFAULT 'null'
) ENGINE=InnoDB DEFAULT CHARSET=utf8mb4;

--
-- Dumping data for table `data_produsen`
--

INSERT INTO `data_produsen` (`id_produsen`, `nama_produsen`, `notelp`, `alamat`, `user_login`, `user_pass`, `user_token`) VALUES
(3, 'Fahmi', '8921373233', 'Wonopringgo', 'fahmi', 'fahmi123', 'acfaff075c443b0ec152e0be40f02684cbb36fc2'),
(4, 'Tohar', '8293832332', 'Paweden', 'null', 'null', 'null'),
(5, 'Hasan', '823232355', 'Tirto', 'null', 'null', 'null'),
(6, 'Gondrong', '8213287244', 'Tangkil', 'null', 'null', 'null');

-- --------------------------------------------------------

--
-- Table structure for table `data_stok`
--

CREATE TABLE `data_stok` (
  `idstok` int(11) NOT NULL,
  `id_barang` varchar(100) NOT NULL,
  `jumlah_barang` int(11) NOT NULL,
  `ukuran` varchar(30) NOT NULL,
  `warna` varchar(30) NOT NULL,
  `lokasi_dis` int(11) NOT NULL,
  `harga_beli` int(11) NOT NULL,
  `harga_jual` int(11) NOT NULL
) ENGINE=InnoDB DEFAULT CHARSET=utf8mb4;

-- --------------------------------------------------------

--
-- Table structure for table `flowcash`
--

CREATE TABLE `flowcash` (
  `id_flow` int(11) NOT NULL,
  `alur` enum('in','out') NOT NULL,
  `jumlah` int(11) NOT NULL,
  `tgl_waktu` datetime NOT NULL,
  `ket` varchar(200) NOT NULL,
  `codeinput` varchar(35) NOT NULL
) ENGINE=InnoDB DEFAULT CHARSET=utf8mb4;

--
-- Dumping data for table `flowcash`
--

INSERT INTO `flowcash` (`id_flow`, `alur`, `jumlah`, `tgl_waktu`, `ket`, `codeinput`) VALUES
(1, 'in', 1000000000, '2024-10-28 13:47:20', 'SALDO AWAL', 'SLDAWL'),
(20, 'out', 500000, '2024-11-29 16:32:47', 'PEMBAYARAN KAIN', '3L0XIRK1C6'),
(21, 'out', 500000, '2024-11-29 16:33:05', 'PEMBAYARAN KAIN', '4L2EZST05P'),
(22, 'out', 16000000, '2024-11-29 16:34:07', 'PEMBAYARAN KAIN', 'P3QGUOB16Y'),
(23, 'in', 16596000, '2024-11-29 16:57:58', 'PEMBAYARAN HUTANG', 'C9O2GI'),
(32, 'out', 5000000, '2024-12-04 10:19:50', 'PEMBAYARAN KAIN', 'L35C22NQ14'),
(33, 'out', 25000000, '2024-12-04 10:20:16', 'PEMBAYARAN KAIN', 'JIMSHTCR55'),
(34, 'out', 5000000, '2024-12-07 14:07:26', 'PEMBAYARAN KAIN', '0415B9VWTH');

-- --------------------------------------------------------

--
-- Table structure for table `gambar_produk`
--

CREATE TABLE `gambar_produk` (
  `id_gbr` int(11) NOT NULL,
  `codeunik` varchar(35) NOT NULL,
  `url_gbr` text NOT NULL
) ENGINE=InnoDB DEFAULT CHARSET=utf8mb4;

--
-- Dumping data for table `gambar_produk`
--

INSERT INTO `gambar_produk` (`id_gbr`, `codeunik`, `url_gbr`) VALUES
(12, 'hqrpB59EWXLywfFZ2Vv', '10a8be13414398d211eb17fbfff724c2.png'),
(13, '6YkRBs4xNLUjV1Xifhn', '4ea82cad865a107d7c88c9280e453eb5.png'),
(14, 'C6DURx8XwgZcK52HsGn', '704b3e25656c49898654c6f5bdad984e.png'),
(15, 'yn0bUhO4M1jLE7mDRBp', 'da0200706ac703c39ffd3502b86be0f9.png'),
(16, 'dIQ7hRL1itwWlmqCDbB', '7316d487f2b1f3bb14e58fde0afee31c.png'),
(17, 'AJGe4NDpQ8lsYxUMWL6', 'ef69b418bc291a7880c096628f4e2d4c.png'),
(18, 'lBEUNMS8VAweW3ZjO1a', '0af2f5e5a0badd692ed96a7c7118924a.png'),
(19, 'GYiqf2huwHIK8gCTxzo', '9f11df1158b342ed8e246bbe8eeca3ae.png'),
(20, 'hBykU6wZzgKP375WJbD', '003821d3929f0c39a402a1bff7b9f8c4.png'),
(21, 'FIJEzH2oje5yK6lkr9X', '596cef6a0fc74e644826ae0989a4bcd0.png'),
(22, 'TxwG1D59buLOperXZCI', 'e7c8936f48e511e86633e9fe67233a03.png'),
(23, 'VqmMAFZvhXTRID09t2l', '620f99f59562f612a1d78e04bb1be8b5.png'),
(24, 'CFYtOAigz59Ujwl8p3M', '64ad71c0e01572f80b2438c3b663c9e7.png'),
(25, 'ZLShPnxY9eQob16aBDA', 'd5c989424c86c9b38d9b54e519c44391.png'),
(26, 'Px1ZWGOfIwHAN0zF7Lr', 'f9265b5a8b188e2a781ee41496094237.png'),
(27, 'daR4i123OBW7lQbS9kx', 'd7d7ee67b8b983e498921c47b05a5008.png');

-- --------------------------------------------------------

--
-- Table structure for table `hutang_produsen`
--

CREATE TABLE `hutang_produsen` (
  `id_htgp` int(11) NOT NULL,
  `id_produsen` int(11) NOT NULL,
  `code_kiriman` varchar(100) NOT NULL,
  `harga_barang` int(11) NOT NULL,
  `jumlah_hutang` int(11) NOT NULL,
  `kode_htgp` varchar(35) NOT NULL
) ENGINE=InnoDB DEFAULT CHARSET=utf8mb4;

--
-- Dumping data for table `hutang_produsen`
--

INSERT INTO `hutang_produsen` (`id_htgp`, `id_produsen`, `code_kiriman`, `harga_barang`, `jumlah_hutang`, `kode_htgp`) VALUES
(1, 3, '8KvQj4UbeHPEpyuI3Fs', 16596000, 16596000, 'C9O2GI');

-- --------------------------------------------------------

--
-- Table structure for table `hutang_produsen_bayar`
--

CREATE TABLE `hutang_produsen_bayar` (
  `id_hpb` int(11) NOT NULL,
  `kode_htgp` varchar(30) NOT NULL,
  `metode_bayar` varchar(100) NOT NULL,
  `tanggal_bayar` date NOT NULL,
  `tanggal_input` datetime NOT NULL,
  `yg_input` varchar(30) NOT NULL,
  `nominal_bayar` int(11) NOT NULL,
  `bukti_bayar` varchar(200) NOT NULL,
  `proses_bayar` varchar(245) NOT NULL DEFAULT 'null',
  `keterangan` text NOT NULL
) ENGINE=InnoDB DEFAULT CHARSET=utf8mb4;

--
-- Dumping data for table `hutang_produsen_bayar`
--

INSERT INTO `hutang_produsen_bayar` (`id_hpb`, `kode_htgp`, `metode_bayar`, `tanggal_bayar`, `tanggal_input`, `yg_input`, `nominal_bayar`, `bukti_bayar`, `proses_bayar`, `keterangan`) VALUES
(1, 'C9O2GI', 'Bayar', '2024-11-13', '2024-11-29 16:57:58', 'Super User', 16596000, 'null', 'Transfer BCA', 'null');

-- --------------------------------------------------------

--
-- Table structure for table `kategori_produk`
--

CREATE TABLE `kategori_produk` (
  `id_kat` int(11) NOT NULL,
  `kategori` varchar(100) NOT NULL,
  `keterangan` varchar(250) NOT NULL
) ENGINE=InnoDB DEFAULT CHARSET=utf8mb4;

--
-- Dumping data for table `kategori_produk`
--

INSERT INTO `kategori_produk` (`id_kat`, `kategori`, `keterangan`) VALUES
(7, 'KOKO ANAK', 'null'),
(8, 'KOKO DEWASA', 'null'),
(9, 'CELANA', 'null');

-- --------------------------------------------------------

--
-- Table structure for table `stok_in`
--

CREATE TABLE `stok_in` (
  `id_stokin` int(11) NOT NULL,
  `tgl_masuk` date NOT NULL,
  `tms_tmp` datetime NOT NULL,
  `id_barang` varchar(100) NOT NULL,
  `jml_masuk` int(11) NOT NULL,
  `satuan` varchar(30) NOT NULL,
  `ukuran` varchar(20) NOT NULL,
  `dari` varchar(200) NOT NULL,
  `yg_input` varchar(100) NOT NULL,
  `kode_input` varchar(100) NOT NULL,
  `harga_beli` int(11) NOT NULL,
  `harga_jual` int(11) NOT NULL
) ENGINE=InnoDB DEFAULT CHARSET=utf8mb4;

-- --------------------------------------------------------

--
-- Table structure for table `stok_in_estimasi`
--

CREATE TABLE `stok_in_estimasi` (
  `idest` int(11) NOT NULL,
  `codeunik` varchar(35) NOT NULL,
  `ukuran` varchar(30) NOT NULL,
  `warna` varchar(40) NOT NULL,
  `jumlah` int(11) NOT NULL,
  `terpenuhi` enum('no','yes') NOT NULL DEFAULT 'no',
  `codeinput` varchar(50) NOT NULL
) ENGINE=InnoDB DEFAULT CHARSET=utf8mb4;

-- --------------------------------------------------------

--
-- Table structure for table `stok_kain`
--

CREATE TABLE `stok_kain` (
  `idstokkain` int(11) NOT NULL,
  `id_kain` int(11) NOT NULL,
  `total_panjang` double NOT NULL DEFAULT 0,
  `jumlah_roll` int(11) NOT NULL,
  `harga_satuan` int(11) NOT NULL,
  `kode_kain` varchar(10) NOT NULL,
  `nama_kain` varchar(50) NOT NULL,
  `codeinput` varchar(35) NOT NULL
) ENGINE=InnoDB DEFAULT CHARSET=utf8mb4;

--
-- Dumping data for table `stok_kain`
--

INSERT INTO `stok_kain` (`idstokkain`, `id_kain`, `total_panjang`, `jumlah_roll`, `harga_satuan`, `kode_kain`, `nama_kain`, `codeinput`) VALUES
(47, 5, 20, 1, 17500, 'TY-D3', 'DELUXE SAGE', 'L0VTwUSO4je9DJPMtyW'),
(48, 5, 37, 1, 17500, 'TY-D3', 'DELUXE SAGE', 'L0VTwUSO4je9DJPMtyW'),
(49, 5, 37, 1, 17500, 'TY-D3', 'DELUXE SAGE', 'L0VTwUSO4je9DJPMtyW'),
(50, 5, 39, 1, 17500, 'TY-D3', 'DELUXE SAGE', 'L0VTwUSO4je9DJPMtyW'),
(51, 5, 40, 1, 17500, 'TY-D3', 'DELUXE SAGE', 'L0VTwUSO4je9DJPMtyW'),
(52, 5, 36, 1, 17500, 'TY-D3', 'DELUXE SAGE', 'L0VTwUSO4je9DJPMtyW'),
(53, 5, 36, 1, 17500, 'TY-D3', 'DELUXE SAGE', 'L0VTwUSO4je9DJPMtyW'),
(72, 5, 43, 1, 17500, 'TY-D2', 'DELUXE HITAM', 'L0VTwUSO4je9DJPMtyW'),
(74, 5, 40, 1, 17500, 'TY-D2', 'DELUXE HITAM', 'L0VTwUSO4je9DJPMtyW'),
(75, 5, 40, 1, 17500, 'TY-D2', 'DELUXE HITAM', 'L0VTwUSO4je9DJPMtyW'),
(76, 5, 40, 1, 17500, 'TY-D2', 'DELUXE HITAM', 'L0VTwUSO4je9DJPMtyW'),
(77, 5, 40, 1, 17500, 'TY-D2', 'DELUXE HITAM', 'L0VTwUSO4je9DJPMtyW'),
(78, 5, 40, 1, 17500, 'TY-D2', 'DELUXE HITAM', 'L0VTwUSO4je9DJPMtyW'),
(79, 5, 40, 1, 17500, 'TY-D2', 'DELUXE HITAM', 'L0VTwUSO4je9DJPMtyW'),
(80, 5, 40, 1, 17500, 'TY-D2', 'DELUXE HITAM', 'L0VTwUSO4je9DJPMtyW'),
(81, 5, 40, 1, 17500, 'TY-D2', 'DELUXE HITAM', 'L0VTwUSO4je9DJPMtyW'),
(82, 5, 40, 1, 17500, 'TY-D2', 'DELUXE HITAM', 'L0VTwUSO4je9DJPMtyW'),
(83, 5, 40, 1, 17500, 'TY-D2', 'DELUXE HITAM', 'L0VTwUSO4je9DJPMtyW'),
(84, 5, 40, 1, 17500, 'TY-D2', 'DELUXE HITAM', 'L0VTwUSO4je9DJPMtyW'),
(85, 5, 40, 1, 17500, 'TY-D2', 'DELUXE HITAM', 'L0VTwUSO4je9DJPMtyW'),
(86, 5, 40, 1, 17500, 'TY-D2', 'DELUXE HITAM', 'L0VTwUSO4je9DJPMtyW'),
(87, 5, 40, 1, 17500, 'TY-D2', 'DELUXE HITAM', 'L0VTwUSO4je9DJPMtyW'),
(88, 5, 40, 1, 17500, 'TY-D2', 'DELUXE HITAM', 'L0VTwUSO4je9DJPMtyW'),
(89, 5, 40, 1, 17500, 'TY-D2', 'DELUXE HITAM', 'L0VTwUSO4je9DJPMtyW'),
(90, 5, 40, 1, 17500, 'TY-D2', 'DELUXE HITAM', 'L0VTwUSO4je9DJPMtyW'),
(91, 5, 40, 1, 17500, 'TY-D2', 'DELUXE HITAM', 'L0VTwUSO4je9DJPMtyW');

-- --------------------------------------------------------

--
-- Table structure for table `stok_kain_delete`
--

CREATE TABLE `stok_kain_delete` (
  `idstokkain` int(11) NOT NULL,
  `id_kain` int(11) NOT NULL,
  `total_panjang` double NOT NULL DEFAULT 0,
  `jumlah_roll` int(11) NOT NULL,
  `harga_satuan` int(11) NOT NULL,
  `kode_kain` varchar(10) NOT NULL,
  `nama_kain` varchar(50) NOT NULL,
  `codeinput` varchar(35) NOT NULL,
  `codekirim` varchar(45) NOT NULL
) ENGINE=InnoDB DEFAULT CHARSET=utf8mb4;

--
-- Dumping data for table `stok_kain_delete`
--

INSERT INTO `stok_kain_delete` (`idstokkain`, `id_kain`, `total_panjang`, `jumlah_roll`, `harga_satuan`, `kode_kain`, `nama_kain`, `codeinput`, `codekirim`) VALUES
(22, 5, 41, 1, 17500, 'TY-D1', 'DELUXE COKLAT', 'TP2GWzRhb7aCixsNwYd', '8KvQj4UbeHPEpyuI3Fs'),
(23, 5, 40, 1, 17500, 'TY-D1', 'DELUXE COKLAT', 'TP2GWzRhb7aCixsNwYd', '8KvQj4UbeHPEpyuI3Fs'),
(24, 5, 40, 1, 17500, 'TY-D1', 'DELUXE COKLAT', 'TP2GWzRhb7aCixsNwYd', '8KvQj4UbeHPEpyuI3Fs'),
(25, 5, 40, 1, 17500, 'TY-D1', 'DELUXE COKLAT', 'TP2GWzRhb7aCixsNwYd', '8KvQj4UbeHPEpyuI3Fs'),
(26, 5, 40, 1, 17500, 'TY-D1', 'DELUXE COKLAT', 'TP2GWzRhb7aCixsNwYd', '8KvQj4UbeHPEpyuI3Fs'),
(27, 5, 40, 1, 17500, 'TY-D1', 'DELUXE COKLAT', 'TP2GWzRhb7aCixsNwYd', '8KvQj4UbeHPEpyuI3Fs'),
(28, 5, 40, 1, 17500, 'TY-D1', 'DELUXE COKLAT', 'TP2GWzRhb7aCixsNwYd', '8KvQj4UbeHPEpyuI3Fs'),
(29, 5, 40, 1, 17500, 'TY-D1', 'DELUXE COKLAT', 'TP2GWzRhb7aCixsNwYd', '8KvQj4UbeHPEpyuI3Fs'),
(30, 5, 40, 1, 17500, 'TY-D1', 'DELUXE COKLAT', 'TP2GWzRhb7aCixsNwYd', '8KvQj4UbeHPEpyuI3Fs'),
(31, 5, 40, 1, 17500, 'TY-D1', 'DELUXE COKLAT', 'TP2GWzRhb7aCixsNwYd', '8KvQj4UbeHPEpyuI3Fs'),
(32, 5, 40, 1, 17500, 'TY-D1', 'DELUXE COKLAT', 'TP2GWzRhb7aCixsNwYd', '8KvQj4UbeHPEpyuI3Fs'),
(33, 5, 40, 1, 17500, 'TY-D1', 'DELUXE COKLAT', 'TP2GWzRhb7aCixsNwYd', '8KvQj4UbeHPEpyuI3Fs'),
(34, 5, 40, 1, 17500, 'TY-D1', 'DELUXE COKLAT', 'TP2GWzRhb7aCixsNwYd', '8KvQj4UbeHPEpyuI3Fs'),
(35, 5, 44, 1, 17500, 'TY-D1', 'DELUXE COKLAT', 'TP2GWzRhb7aCixsNwYd', '8KvQj4UbeHPEpyuI3Fs'),
(36, 5, 56, 1, 17500, 'TY-D1', 'DELUXE COKLAT', 'TP2GWzRhb7aCixsNwYd', '8KvQj4UbeHPEpyuI3Fs'),
(37, 5, 64, 1, 17500, 'TY-D1', 'DELUXE COKLAT', 'TP2GWzRhb7aCixsNwYd', '8KvQj4UbeHPEpyuI3Fs'),
(38, 5, 63, 1, 17500, 'TY-D1', 'DELUXE COKLAT', 'TP2GWzRhb7aCixsNwYd', '8KvQj4UbeHPEpyuI3Fs'),
(39, 5, 42, 1, 17500, 'TY-D1', 'DELUXE COKLAT', 'TP2GWzRhb7aCixsNwYd', '8KvQj4UbeHPEpyuI3Fs'),
(40, 5, 42, 1, 17500, 'TY-D1', 'DELUXE COKLAT', 'TP2GWzRhb7aCixsNwYd', '8KvQj4UbeHPEpyuI3Fs'),
(44, 5, 40, 1, 16700, 'TY-T1', 'TOJIRO COKLAT KOPI', 'lhwG87dquOUNXEkg12i', '8KvQj4UbeHPEpyuI3Fs'),
(45, 5, 40, 1, 16700, 'TY-T1', 'TOJIRO COKLAT KOPI', 'lhwG87dquOUNXEkg12i', '8KvQj4UbeHPEpyuI3Fs'),
(73, 5, 40, 1, 17500, 'TY-D2', 'DELUXE HITAM', 'TP2GWzRhb7aCixsNwYd', '8KvQj4UbeHPEpyuI3Fs');

-- --------------------------------------------------------

--
-- Table structure for table `stok_kain_masuk_history`
--

CREATE TABLE `stok_kain_masuk_history` (
  `idstokkain` int(11) NOT NULL,
  `id_kain` int(11) NOT NULL,
  `total_panjang` double NOT NULL DEFAULT 0,
  `jumlah_roll` int(11) NOT NULL,
  `harga_satuan` int(11) NOT NULL,
  `kode_kain` varchar(10) NOT NULL,
  `nama_kain` varchar(50) NOT NULL,
  `codeinput` varchar(35) NOT NULL
) ENGINE=InnoDB DEFAULT CHARSET=utf8mb4;

--
-- Dumping data for table `stok_kain_masuk_history`
--

INSERT INTO `stok_kain_masuk_history` (`idstokkain`, `id_kain`, `total_panjang`, `jumlah_roll`, `harga_satuan`, `kode_kain`, `nama_kain`, `codeinput`) VALUES
(9, 5, 41, 1, 19995, 'TY-D1', 'DELUXE COKLAT', 'TP2GWzRhb7aCixsNwYd'),
(10, 5, 40, 12, 19995, 'TY-D1', 'DELUXE COKLAT', 'TP2GWzRhb7aCixsNwYd'),
(11, 5, 44, 1, 19995, 'TY-D1', 'DELUXE COKLAT', 'TP2GWzRhb7aCixsNwYd'),
(12, 5, 56, 1, 19995, 'TY-D1', 'DELUXE COKLAT', 'TP2GWzRhb7aCixsNwYd'),
(13, 5, 64, 1, 19995, 'TY-D1', 'DELUXE COKLAT', 'TP2GWzRhb7aCixsNwYd'),
(14, 5, 63, 1, 19995, 'TY-D1', 'DELUXE COKLAT', 'TP2GWzRhb7aCixsNwYd'),
(15, 5, 42, 2, 19995, 'TY-D1', 'DELUXE COKLAT', 'TP2GWzRhb7aCixsNwYd'),
(17, 5, 40, 1, 19995, 'TY-D2', 'DELUXE HITAM', 'TP2GWzRhb7aCixsNwYd'),
(18, 5, 40, 2, 16700, 'TY-T1', 'TOJIRO COKLAT KOPI', 'lhwG87dquOUNXEkg12i'),
(20, 5, 20, 1, 17500, 'TY-D3', 'DELUXE SAGE', 'L0VTwUSO4je9DJPMtyW'),
(21, 5, 37, 2, 17500, 'TY-D3', 'DELUXE SAGE', 'L0VTwUSO4je9DJPMtyW'),
(22, 5, 39, 1, 17500, 'TY-D3', 'DELUXE SAGE', 'L0VTwUSO4je9DJPMtyW'),
(23, 5, 40, 1, 17500, 'TY-D3', 'DELUXE SAGE', 'L0VTwUSO4je9DJPMtyW'),
(24, 5, 36, 2, 17500, 'TY-D3', 'DELUXE SAGE', 'L0VTwUSO4je9DJPMtyW'),
(25, 5, 40, 18, 17500, 'TY-D2', 'DELUXE HITAM', 'L0VTwUSO4je9DJPMtyW'),
(26, 5, 43, 1, 17500, 'TY-D2', 'DELUXE HITAM', 'L0VTwUSO4je9DJPMtyW');

-- --------------------------------------------------------

--
-- Table structure for table `table_botwa`
--

CREATE TABLE `table_botwa` (
  `idbot` int(11) NOT NULL,
  `pesan` varchar(250) NOT NULL,
  `jawaban` text NOT NULL,
  `tipe_reply` enum('teks','image','file') NOT NULL,
  `url_file` text NOT NULL
) ENGINE=InnoDB DEFAULT CHARSET=utf8mb4;

--
-- Dumping data for table `table_botwa`
--

INSERT INTO `table_botwa` (`idbot`, `pesan`, `jawaban`, `tipe_reply`, `url_file`) VALUES
(1, 'Halo', 'Halo.. Apa Kabar? \\n Ada yang bisa kami bantu ?', 'teks', 'null');

-- --------------------------------------------------------

--
-- Table structure for table `table_settings`
--

CREATE TABLE `table_settings` (
  `id_setup` int(1) NOT NULL,
  `nama_app` varchar(200) NOT NULL,
  `tahun_pembuatan` int(4) NOT NULL,
  `nama_client` varchar(100) NOT NULL
) ENGINE=InnoDB DEFAULT CHARSET=utf8mb4;

--
-- Dumping data for table `table_settings`
--

INSERT INTO `table_settings` (`id_setup`, `nama_app`, `tahun_pembuatan`, `nama_client`) VALUES
(1, 'Inventory APP', 2024, 'CV. Grafamedia');

-- --------------------------------------------------------

--
-- Table structure for table `table_users`
--

CREATE TABLE `table_users` (
  `idadm` int(11) NOT NULL,
  `nama_admin` varchar(100) NOT NULL,
  `username` varchar(200) NOT NULL,
  `password` varchar(250) NOT NULL,
  `akses` enum('User','Admin','Super') NOT NULL
) ENGINE=InnoDB DEFAULT CHARSET=utf8mb4;

--
-- Dumping data for table `table_users`
--

INSERT INTO `table_users` (`idadm`, `nama_admin`, `username`, `password`, `akses`) VALUES
(1, 'Super User', 'admin', 'd033e22ae348aeb5660fc2140aec35850c4da997', 'Super'),
(2, 'Admin Aplikasi', 'user1', 'b3daa77b4c04a9551b8781d03191fe098f325e67', 'Admin'),
(3, 'User Aplikasi', 'user2', 'a1881c06eec96db9901c7bbfe41c42a3f08e9cb4', 'User');

-- --------------------------------------------------------

--
-- Table structure for table `tagihan`
--

CREATE TABLE `tagihan` (
  `id_tagihan` int(11) NOT NULL,
  `nama_supplier` varchar(200) NOT NULL,
  `jenis_tagihan` varchar(100) NOT NULL,
  `nominal_tagihan` int(11) NOT NULL,
  `tgl_awal_tagihan` date NOT NULL,
  `status` enum('Belum Lunas','Lunas') NOT NULL,
  `codeinput` varchar(40) NOT NULL
) ENGINE=InnoDB DEFAULT CHARSET=utf8mb4;

--
-- Dumping data for table `tagihan`
--

INSERT INTO `tagihan` (`id_tagihan`, `nama_supplier`, `jenis_tagihan`, `nominal_tagihan`, `tgl_awal_tagihan`, `status`, `codeinput`) VALUES
(1, 'bos yanto', 'PEMBELIAN KAIN', 15260000, '2024-11-13', 'Lunas', 'TP2GWzRhb7aCixsNwYd'),
(2, 'bos yanto', 'PEMBELIAN KAIN', 1336000, '2024-11-13', 'Lunas', 'lhwG87dquOUNXEkg12i'),
(3, 'bos yanto', 'PEMBELIAN KAIN', 17640000, '2024-11-18', 'Lunas', 'L0VTwUSO4je9DJPMtyW'),
(4, 'hasan', 'PEMBAYARAN PRODUK', 3120000, '2024-11-28', 'Belum Lunas', 'MicHkWq1h30YZzGCXrs'),
(5, 'tohar', 'PEMBAYARAN PRODUK', 11676000, '2024-11-28', 'Belum Lunas', 's4PAyuoqpN1EjCMScz3');

-- --------------------------------------------------------

--
-- Table structure for table `tagihan_bayar`
--

CREATE TABLE `tagihan_bayar` (
  `idpemb` int(11) NOT NULL,
  `codeinput` varchar(45) NOT NULL,
  `tgl_bayar` date NOT NULL,
  `tgl_input` datetime NOT NULL,
  `nominal_bayar` int(11) NOT NULL,
  `proses_pembayaran` varchar(200) NOT NULL,
  `bukti_bayar` varchar(200) NOT NULL,
  `ket` varchar(240) NOT NULL,
  `yg_input` varchar(200) NOT NULL,
  `codebayar` varchar(30) NOT NULL,
  `nm` varchar(60) NOT NULL DEFAULT 'null'
) ENGINE=InnoDB DEFAULT CHARSET=utf8mb4;

--
-- Dumping data for table `tagihan_bayar`
--

INSERT INTO `tagihan_bayar` (`idpemb`, `codeinput`, `tgl_bayar`, `tgl_input`, `nominal_bayar`, `proses_pembayaran`, `bukti_bayar`, `ket`, `yg_input`, `codebayar`, `nm`) VALUES
(19, 'tes', '2024-12-04', '2024-12-04 10:19:50', 5000000, 'Tunai', 'null', '', 'Super User', 'L35C22NQ14', 'bos yanto'),
(20, 'tes', '2024-12-04', '2024-12-04 10:20:16', 25000000, 'Tunai', 'null', '', 'Super User', 'JIMSHTCR55', 'bos yanto'),
(22, 'tes', '2024-12-07', '2024-12-07 14:07:26', 5000000, 'Tunai', 'null', '', 'Super User', '0415B9VWTH', 'bos yanto');

-- --------------------------------------------------------

--
-- Table structure for table `tagihan_bayar2`
--

CREATE TABLE `tagihan_bayar2` (
  `idtgh2` int(11) NOT NULL,
  `codebayar` varchar(60) NOT NULL,
  `id_tagihan` int(11) NOT NULL,
  `nominal` int(11) NOT NULL
) ENGINE=InnoDB DEFAULT CHARSET=utf8mb4;

--
-- Dumping data for table `tagihan_bayar2`
--

INSERT INTO `tagihan_bayar2` (`idtgh2`, `codebayar`, `id_tagihan`, `nominal`) VALUES
(15, 'L35C22NQ14', 2, 1336000),
(16, 'L35C22NQ14', 3, 3664000),
(17, 'JIMSHTCR55', 1, 15260000),
(18, 'JIMSHTCR55', 3, 9740000),
(20, '0415B9VWTH', 3, 4236000);

-- --------------------------------------------------------

--
-- Table structure for table `tagihan_kelebihan`
--

CREATE TABLE `tagihan_kelebihan` (
  `id_kelebihan` int(11) NOT NULL,
  `nama_supplier` varchar(200) NOT NULL,
  `nominal_lebih` int(11) NOT NULL,
  `codebayar` varchar(40) NOT NULL
) ENGINE=InnoDB DEFAULT CHARSET=utf8mb4;

--
-- Dumping data for table `tagihan_kelebihan`
--

INSERT INTO `tagihan_kelebihan` (`id_kelebihan`, `nama_supplier`, `nominal_lebih`, `codebayar`) VALUES
(1, 'bos yanto', 764000, '0415B9VWTH');

--
-- Indexes for dumped tables
--

--
-- Indexes for table `data_distributor`
--
ALTER TABLE `data_distributor`
  ADD PRIMARY KEY (`id_dis`);

--
-- Indexes for table `data_kain`
--
ALTER TABLE `data_kain`
  ADD PRIMARY KEY (`id_kain`);

--
-- Indexes for table `data_kain_keluar`
--
ALTER TABLE `data_kain_keluar`
  ADD PRIMARY KEY (`id_kainout`);

--
-- Indexes for table `data_kain_keluar_extras`
--
ALTER TABLE `data_kain_keluar_extras`
  ADD PRIMARY KEY (`id_extras`);

--
-- Indexes for table `data_kain_keluar_history`
--
ALTER TABLE `data_kain_keluar_history`
  ADD PRIMARY KEY (`idstokkain`);

--
-- Indexes for table `data_kain_keluar_notes`
--
ALTER TABLE `data_kain_keluar_notes`
  ADD PRIMARY KEY (`id_nts`);

--
-- Indexes for table `data_kain_masuk`
--
ALTER TABLE `data_kain_masuk`
  ADD PRIMARY KEY (`id_kainmasuk`);

--
-- Indexes for table `data_kain_masuk_sj`
--
ALTER TABLE `data_kain_masuk_sj`
  ADD PRIMARY KEY (`idsjfoto`);

--
-- Indexes for table `data_produk`
--
ALTER TABLE `data_produk`
  ADD PRIMARY KEY (`id_produk`),
  ADD UNIQUE KEY `codeunik` (`codeunik`);

--
-- Indexes for table `data_produk_detil`
--
ALTER TABLE `data_produk_detil`
  ADD PRIMARY KEY (`id_produkdetil`),
  ADD UNIQUE KEY `kode_bar` (`kode_bar`);

--
-- Indexes for table `data_produk_stok`
--
ALTER TABLE `data_produk_stok`
  ADD PRIMARY KEY (`id_bar`);

--
-- Indexes for table `data_produk_stok_masuk`
--
ALTER TABLE `data_produk_stok_masuk`
  ADD PRIMARY KEY (`idstok_in`);

--
-- Indexes for table `data_produk_stok_masuk_notes`
--
ALTER TABLE `data_produk_stok_masuk_notes`
  ADD PRIMARY KEY (`idnotesin`);

--
-- Indexes for table `data_produsen`
--
ALTER TABLE `data_produsen`
  ADD PRIMARY KEY (`id_produsen`);

--
-- Indexes for table `data_stok`
--
ALTER TABLE `data_stok`
  ADD PRIMARY KEY (`idstok`);

--
-- Indexes for table `flowcash`
--
ALTER TABLE `flowcash`
  ADD PRIMARY KEY (`id_flow`);

--
-- Indexes for table `gambar_produk`
--
ALTER TABLE `gambar_produk`
  ADD PRIMARY KEY (`id_gbr`);

--
-- Indexes for table `hutang_produsen`
--
ALTER TABLE `hutang_produsen`
  ADD PRIMARY KEY (`id_htgp`),
  ADD UNIQUE KEY `kode_htgp` (`kode_htgp`);

--
-- Indexes for table `hutang_produsen_bayar`
--
ALTER TABLE `hutang_produsen_bayar`
  ADD PRIMARY KEY (`id_hpb`);

--
-- Indexes for table `kategori_produk`
--
ALTER TABLE `kategori_produk`
  ADD PRIMARY KEY (`id_kat`);

--
-- Indexes for table `stok_in`
--
ALTER TABLE `stok_in`
  ADD PRIMARY KEY (`id_stokin`);

--
-- Indexes for table `stok_in_estimasi`
--
ALTER TABLE `stok_in_estimasi`
  ADD PRIMARY KEY (`idest`);

--
-- Indexes for table `stok_kain`
--
ALTER TABLE `stok_kain`
  ADD PRIMARY KEY (`idstokkain`);

--
-- Indexes for table `stok_kain_delete`
--
ALTER TABLE `stok_kain_delete`
  ADD PRIMARY KEY (`idstokkain`);

--
-- Indexes for table `stok_kain_masuk_history`
--
ALTER TABLE `stok_kain_masuk_history`
  ADD PRIMARY KEY (`idstokkain`);

--
-- Indexes for table `table_botwa`
--
ALTER TABLE `table_botwa`
  ADD PRIMARY KEY (`idbot`);

--
-- Indexes for table `table_settings`
--
ALTER TABLE `table_settings`
  ADD PRIMARY KEY (`id_setup`);

--
-- Indexes for table `table_users`
--
ALTER TABLE `table_users`
  ADD PRIMARY KEY (`idadm`);

--
-- Indexes for table `tagihan`
--
ALTER TABLE `tagihan`
  ADD PRIMARY KEY (`id_tagihan`);

--
-- Indexes for table `tagihan_bayar`
--
ALTER TABLE `tagihan_bayar`
  ADD PRIMARY KEY (`idpemb`);

--
-- Indexes for table `tagihan_bayar2`
--
ALTER TABLE `tagihan_bayar2`
  ADD PRIMARY KEY (`idtgh2`);

--
-- Indexes for table `tagihan_kelebihan`
--
ALTER TABLE `tagihan_kelebihan`
  ADD PRIMARY KEY (`id_kelebihan`);

--
-- AUTO_INCREMENT for dumped tables
--

--
-- AUTO_INCREMENT for table `data_distributor`
--
ALTER TABLE `data_distributor`
  MODIFY `id_dis` int(11) NOT NULL AUTO_INCREMENT, AUTO_INCREMENT=7;

--
-- AUTO_INCREMENT for table `data_kain`
--
ALTER TABLE `data_kain`
  MODIFY `id_kain` int(11) NOT NULL AUTO_INCREMENT, AUTO_INCREMENT=8;

--
-- AUTO_INCREMENT for table `data_kain_keluar`
--
ALTER TABLE `data_kain_keluar`
  MODIFY `id_kainout` int(11) NOT NULL AUTO_INCREMENT, AUTO_INCREMENT=2;

--
-- AUTO_INCREMENT for table `data_kain_keluar_extras`
--
ALTER TABLE `data_kain_keluar_extras`
  MODIFY `id_extras` int(11) NOT NULL AUTO_INCREMENT, AUTO_INCREMENT=3;

--
-- AUTO_INCREMENT for table `data_kain_keluar_history`
--
ALTER TABLE `data_kain_keluar_history`
  MODIFY `idstokkain` int(11) NOT NULL AUTO_INCREMENT, AUTO_INCREMENT=11;

--
-- AUTO_INCREMENT for table `data_kain_keluar_notes`
--
ALTER TABLE `data_kain_keluar_notes`
  MODIFY `id_nts` int(11) NOT NULL AUTO_INCREMENT, AUTO_INCREMENT=3;

--
-- AUTO_INCREMENT for table `data_kain_masuk`
--
ALTER TABLE `data_kain_masuk`
  MODIFY `id_kainmasuk` int(11) NOT NULL AUTO_INCREMENT, AUTO_INCREMENT=4;

--
-- AUTO_INCREMENT for table `data_kain_masuk_sj`
--
ALTER TABLE `data_kain_masuk_sj`
  MODIFY `idsjfoto` int(11) NOT NULL AUTO_INCREMENT;

--
-- AUTO_INCREMENT for table `data_produk`
--
ALTER TABLE `data_produk`
  MODIFY `id_produk` int(11) NOT NULL AUTO_INCREMENT, AUTO_INCREMENT=31;

--
-- AUTO_INCREMENT for table `data_produk_detil`
--
ALTER TABLE `data_produk_detil`
  MODIFY `id_produkdetil` int(11) NOT NULL AUTO_INCREMENT, AUTO_INCREMENT=17;

--
-- AUTO_INCREMENT for table `data_produk_stok`
--
ALTER TABLE `data_produk_stok`
  MODIFY `id_bar` int(11) NOT NULL AUTO_INCREMENT, AUTO_INCREMENT=1141;

--
-- AUTO_INCREMENT for table `data_produk_stok_masuk`
--
ALTER TABLE `data_produk_stok_masuk`
  MODIFY `idstok_in` int(11) NOT NULL AUTO_INCREMENT, AUTO_INCREMENT=3;

--
-- AUTO_INCREMENT for table `data_produk_stok_masuk_notes`
--
ALTER TABLE `data_produk_stok_masuk_notes`
  MODIFY `idnotesin` int(11) NOT NULL AUTO_INCREMENT, AUTO_INCREMENT=17;

--
-- AUTO_INCREMENT for table `data_produsen`
--
ALTER TABLE `data_produsen`
  MODIFY `id_produsen` int(11) NOT NULL AUTO_INCREMENT, AUTO_INCREMENT=7;

--
-- AUTO_INCREMENT for table `data_stok`
--
ALTER TABLE `data_stok`
  MODIFY `idstok` int(11) NOT NULL AUTO_INCREMENT, AUTO_INCREMENT=14;

--
-- AUTO_INCREMENT for table `flowcash`
--
ALTER TABLE `flowcash`
  MODIFY `id_flow` int(11) NOT NULL AUTO_INCREMENT, AUTO_INCREMENT=35;

--
-- AUTO_INCREMENT for table `gambar_produk`
--
ALTER TABLE `gambar_produk`
  MODIFY `id_gbr` int(11) NOT NULL AUTO_INCREMENT, AUTO_INCREMENT=28;

--
-- AUTO_INCREMENT for table `hutang_produsen`
--
ALTER TABLE `hutang_produsen`
  MODIFY `id_htgp` int(11) NOT NULL AUTO_INCREMENT, AUTO_INCREMENT=2;

--
-- AUTO_INCREMENT for table `hutang_produsen_bayar`
--
ALTER TABLE `hutang_produsen_bayar`
  MODIFY `id_hpb` int(11) NOT NULL AUTO_INCREMENT, AUTO_INCREMENT=2;

--
-- AUTO_INCREMENT for table `kategori_produk`
--
ALTER TABLE `kategori_produk`
  MODIFY `id_kat` int(11) NOT NULL AUTO_INCREMENT, AUTO_INCREMENT=10;

--
-- AUTO_INCREMENT for table `stok_in`
--
ALTER TABLE `stok_in`
  MODIFY `id_stokin` int(11) NOT NULL AUTO_INCREMENT, AUTO_INCREMENT=11;

--
-- AUTO_INCREMENT for table `stok_in_estimasi`
--
ALTER TABLE `stok_in_estimasi`
  MODIFY `idest` int(11) NOT NULL AUTO_INCREMENT, AUTO_INCREMENT=10;

--
-- AUTO_INCREMENT for table `stok_kain`
--
ALTER TABLE `stok_kain`
  MODIFY `idstokkain` int(11) NOT NULL AUTO_INCREMENT, AUTO_INCREMENT=92;

--
-- AUTO_INCREMENT for table `stok_kain_delete`
--
ALTER TABLE `stok_kain_delete`
  MODIFY `idstokkain` int(11) NOT NULL AUTO_INCREMENT, AUTO_INCREMENT=74;

--
-- AUTO_INCREMENT for table `stok_kain_masuk_history`
--
ALTER TABLE `stok_kain_masuk_history`
  MODIFY `idstokkain` int(11) NOT NULL AUTO_INCREMENT, AUTO_INCREMENT=27;

--
-- AUTO_INCREMENT for table `table_botwa`
--
ALTER TABLE `table_botwa`
  MODIFY `idbot` int(11) NOT NULL AUTO_INCREMENT, AUTO_INCREMENT=10;

--
-- AUTO_INCREMENT for table `table_settings`
--
ALTER TABLE `table_settings`
  MODIFY `id_setup` int(1) NOT NULL AUTO_INCREMENT, AUTO_INCREMENT=2;

--
-- AUTO_INCREMENT for table `table_users`
--
ALTER TABLE `table_users`
  MODIFY `idadm` int(11) NOT NULL AUTO_INCREMENT, AUTO_INCREMENT=7;

--
-- AUTO_INCREMENT for table `tagihan`
--
ALTER TABLE `tagihan`
  MODIFY `id_tagihan` int(11) NOT NULL AUTO_INCREMENT, AUTO_INCREMENT=6;

--
-- AUTO_INCREMENT for table `tagihan_bayar`
--
ALTER TABLE `tagihan_bayar`
  MODIFY `idpemb` int(11) NOT NULL AUTO_INCREMENT, AUTO_INCREMENT=23;

--
-- AUTO_INCREMENT for table `tagihan_bayar2`
--
ALTER TABLE `tagihan_bayar2`
  MODIFY `idtgh2` int(11) NOT NULL AUTO_INCREMENT, AUTO_INCREMENT=21;

--
-- AUTO_INCREMENT for table `tagihan_kelebihan`
--
ALTER TABLE `tagihan_kelebihan`
  MODIFY `id_kelebihan` int(11) NOT NULL AUTO_INCREMENT, AUTO_INCREMENT=2;
COMMIT;

/*!40101 SET CHARACTER_SET_CLIENT=@OLD_CHARACTER_SET_CLIENT */;
/*!40101 SET CHARACTER_SET_RESULTS=@OLD_CHARACTER_SET_RESULTS */;
/*!40101 SET COLLATION_CONNECTION=@OLD_COLLATION_CONNECTION */;
